"","ExamplePrimer1","ExamplePrimer2"
"SampleSize","3","3"
"Median HD(1st & 3rd Quantile) Full Length","0.5 (0.25 to 0.75)","2.5 (2.25 to 2.75)"
"Median HD(1st & 3rd Quantile)  5' Half","0.5 (0.25 to 0.5)","1.5 (1.25 to 1.5)"
"Median HD(1st & 3rd Quantile) 3' Half","0 (0 to 0.25)","1 (1 to 1.25)"
"Median HD(1st & 3rd Quantile) 2nts 3' terminal","0 (0 to 0)","0 (0 to 0)"
"PercentQualified.Definition.1","100%","66.67%"
"PercentQualified.Definition.2","100%","66.67%"
"PercentQualified.Definition.3","33.33%","0%"
