"Target_Sequence","Sample_Size","Primer_Name","Primer_Target_Sequence","Representation_Percent","Full_HD","FivePrimeHalf_HD","ThreePrimeHalf_HD","Terminal2nt_HD","Definition.1_Qualified","Definition.2_Qualified","Definition.3_Qualified","population"
"TCTCGACGCAGTGACTCG",1,"LTRgag-Forward","TCTCGACGCAGGACTCG",3.44827586206897,2,0,2,0,FALSE,FALSE,FALSE,"AG-CM"
"TCTCGACGCARGGACTCG",1,"LTRgag-Forward","TCTCGACGCAGGACTCG",3.44827586206897,1,0,1,0,TRUE,TRUE,FALSE,"AG-CM"
"TCTCGACGCGAGGACTCG",1,"LTRgag-Forward","TCTCGACGCAGGACTCG",3.44827586206897,2,0,2,0,FALSE,FALSE,FALSE,"AG-CM"
"TCTGGACGCAGGGACTGG",1,"LTRgag-Forward","TCTCGACGCAGGACTCG",3.44827586206897,3,1,2,0,FALSE,FALSE,FALSE,"AG-CM"
"TCTTGACGCACGGACTCG",1,"LTRgag-Forward","TCTCGACGCAGGACTCG",3.44827586206897,2,1,1,0,TRUE,TRUE,FALSE,"AG-CM"
"TCTTGAGGCAGGGACTCG",1,"LTRgag-Forward","TCTCGACGCAGGACTCG",3.44827586206897,3,2,1,0,TRUE,TRUE,FALSE,"AG-CM"
"TCTCGACGCAGGACTCG",2,"LTRgag-Forward","TCTCGACGCAGGACTCG",6.89655172413793,0,0,0,0,TRUE,TRUE,TRUE,"AG-CM"
"TCTCGACGCAGGGACTCG",6,"LTRgag-Forward","TCTCGACGCAGGACTCG",20.6896551724138,1,0,1,0,TRUE,TRUE,FALSE,"AG-CM"
"TCTCGACGCACGGACTCG",7,"LTRgag-Forward","TCTCGACGCAGGACTCG",24.1379310344828,1,0,1,0,TRUE,TRUE,FALSE,"AG-CM"
"TCTCGACGCAAGGACTCG",8,"LTRgag-Forward","TCTCGACGCAGGACTCG",27.5862068965517,1,0,1,0,TRUE,TRUE,FALSE,"AG-CM"
"GAGGCTAGAAGGAGAAAG",1,"LTRgag-Probe_RevComp","GAGGCTAGAAGGAGAGAG",1.33333333333333,1,0,1,0,TRUE,TRUE,FALSE,"AG-CM"
"GAGGCTAGAAGGGGAGAG",1,"LTRgag-Probe_RevComp","GAGGCTAGAAGGAGAGAG",1.33333333333333,1,0,1,0,TRUE,TRUE,FALSE,"AG-CM"
"GAGGCTAGAAGGAGAGAG",73,"LTRgag-Probe_RevComp","GAGGCTAGAAGGAGAGAG",97.3333333333333,0,0,0,0,TRUE,TRUE,TRUE,"AG-CM"
"GAGGCGAGAGCGTCAGTG",1,"LTRgag-Reverse_RevComp","GGTGCGAGAGCGTCAGTA",0.460829493087558,3,1,2,1,FALSE,FALSE,FALSE,"AG-CM"
"GGTGCAAAGAGCGTCAGTR",1,"LTRgag-Reverse_RevComp","GGTGCGAGAGCGTCAGTA",0.460829493087558,2.5,0.5,2,0,FALSE,FALSE,FALSE,"AG-CM"
"GGTGCGAGAGCGTCRGTA",1,"LTRgag-Reverse_RevComp","GGTGCGAGAGCGTCAGTA",0.460829493087558,0.5,0.5,0,0,TRUE,TRUE,FALSE,"AG-CM"
"GGTGCGAGAGCGTCRGTG",1,"LTRgag-Reverse_RevComp","GGTGCGAGAGCGTCAGTA",0.460829493087558,1.5,1.5,0,0,TRUE,TRUE,FALSE,"AG-CM"
"GGWGCGAGAGCGTCGGTG",1,"LTRgag-Reverse_RevComp","GGTGCGAGAGCGTCAGTA",0.460829493087558,2.5,2,0.5,0,TRUE,TRUE,FALSE,"AG-CM"
"GGTGCGAGAGCGTCAGTG",116,"LTRgag-Reverse_RevComp","GGTGCGAGAGCGTCAGTA",53.4562211981567,1,1,0,0,TRUE,TRUE,FALSE,"AG-CM"
"GGTGCGAGAGCGTCGGTA",15,"LTRgag-Reverse_RevComp","GGTGCGAGAGCGTCAGTA",6.91244239631336,1,1,0,0,TRUE,TRUE,FALSE,"AG-CM"
"GGTGCGAGAGCGTCAATA",18,"LTRgag-Reverse_RevComp","GGTGCGAGAGCGTCAGTA",8.29493087557604,1,1,0,0,TRUE,TRUE,FALSE,"AG-CM"
"GGTGCGAGAGCGTCAGTR",2,"LTRgag-Reverse_RevComp","GGTGCGAGAGCGTCAGTA",0.921658986175115,0.5,0.5,0,0,TRUE,TRUE,FALSE,"AG-CM"
"GGTGCGAGAGCGTCARTA",2,"LTRgag-Reverse_RevComp","GGTGCGAGAGCGTCAGTA",0.921658986175115,0.5,0.5,0,0,TRUE,TRUE,FALSE,"AG-CM"
"GGTGCGAGAGCGTCGATA",2,"LTRgag-Reverse_RevComp","GGTGCGAGAGCGTCAGTA",0.921658986175115,2,2,0,0,TRUE,TRUE,FALSE,"AG-CM"
"GGTGCGAGAGCGTCGRTA",2,"LTRgag-Reverse_RevComp","GGTGCGAGAGCGTCAGTA",0.921658986175115,1.5,1.5,0,0,TRUE,TRUE,FALSE,"AG-CM"
"GGTGCGAGAGCGTCGGTG",4,"LTRgag-Reverse_RevComp","GGTGCGAGAGCGTCAGTA",1.84331797235023,2,2,0,0,TRUE,TRUE,FALSE,"AG-CM"
"GGTGCGAGAGCGTCAGTA",51,"LTRgag-Reverse_RevComp","GGTGCGAGAGCGTCAGTA",23.5023041474654,0,0,0,0,TRUE,TRUE,TRUE,"AG-CM"
"AGGACTTTCTGCTGGG",1,"TransF4-Forward","GGGACTTTCCGCTGGG",2.27272727272727,2,1,1,0,TRUE,TRUE,FALSE,"AG-CM"
"GGAACTTCTGGG",1,"TransF4-Forward","GGGACTTTCCGCTGGG",2.27272727272727,5,2,3,0,FALSE,FALSE,FALSE,"AG-CM"
"GGGACTTTCCGCCAGG",1,"TransF4-Forward","GGGACTTTCCGCTGGG",2.27272727272727,2,0,2,0,FALSE,FALSE,FALSE,"AG-CM"
"GGGACTTTCCGCTRGG",1,"TransF4-Forward","GGGACTTTCCGCTGGG",2.27272727272727,0.5,0,0.5,0,TRUE,TRUE,FALSE,"AG-CM"
"GGGACTTTCCGTGCTGGG",1,"TransF4-Forward","GGGACTTTCCGCTGGG",2.27272727272727,2,0,2,0,FALSE,FALSE,FALSE,"AG-CM"
"GGGACTTTCTACTGGG",1,"TransF4-Forward","GGGACTTTCCGCTGGG",2.27272727272727,2,0,2,0,FALSE,FALSE,FALSE,"AG-CM"
"GGGACTTTCCGCGGGG",2,"TransF4-Forward","GGGACTTTCCGCTGGG",4.54545454545455,1,0,1,0,TRUE,TRUE,FALSE,"AG-CM"
"GGGACTTTCTGCTGGG",2,"TransF4-Forward","GGGACTTTCCGCTGGG",4.54545454545455,1,0,1,0,TRUE,TRUE,FALSE,"AG-CM"
"GGGACTTTCCGCTGGG",22,"TransF4-Forward","GGGACTTTCCGCTGGG",50,0,0,0,0,TRUE,TRUE,TRUE,"AG-CM"
"GGGACTTTCCACCGGG",3,"TransF4-Forward","GGGACTTTCCGCTGGG",6.81818181818182,2,0,2,0,FALSE,FALSE,FALSE,"AG-CM"
"GGGACTTTCCGGGG",3,"TransF4-Forward","GGGACTTTCCGCTGGG",6.81818181818182,3,0,3,0,FALSE,FALSE,FALSE,"AG-CM"
"GGGACTTTCCACTGGG",6,"TransF4-Forward","GGGACTTTCCGCTGGG",13.6363636363636,1,0,1,0,TRUE,TRUE,FALSE,"AG-CM"
"GGAGTGGCTACCCCTCA",1,"TransF4-Probe_RevComp","GGAGTGGCGAGCCCTCA",2.38095238095238,2,0,2,0,FALSE,FALSE,FALSE,"AG-CM"
"GGGGTGGGAAGCCCTCA",1,"TransF4-Probe_RevComp","GGAGTGGCGAGCCCTCA",2.38095238095238,3,2,1,0,FALSE,FALSE,FALSE,"AG-CM"
"GGAGTGGCCAACCCTCA",2,"TransF4-Probe_RevComp","GGAGTGGCGAGCCCTCA",4.76190476190476,2,0,2,0,FALSE,FALSE,FALSE,"AG-CM"
"GGAGTGGCTAACCCTCA",32,"TransF4-Probe_RevComp","GGAGTGGCGAGCCCTCA",76.1904761904762,2,0,2,0,FALSE,FALSE,FALSE,"AG-CM"
"GGAGTGGCTAGCCCTCA",6,"TransF4-Probe_RevComp","GGAGTGGCGAGCCCTCA",14.2857142857143,1,0,1,0,TRUE,TRUE,FALSE,"AG-CM"
"CTGCATATAAGCAGTCGCT",1,"TransF4-Reverse_RevComp","CTGCATATAAGCAGCTGCT",2.63157894736842,2,2,0,0,TRUE,TRUE,FALSE,"AG-CM"
"CTGTATATAAGCAGCCGCT",1,"TransF4-Reverse_RevComp","CTGCATATAAGCAGCTGCT",2.63157894736842,2,1,1,0,TRUE,TRUE,FALSE,"AG-CM"
"CTGCATATAAGCAGCTGCT",11,"TransF4-Reverse_RevComp","CTGCATATAAGCAGCTGCT",28.9473684210526,0,0,0,0,TRUE,TRUE,TRUE,"AG-CM"
"CTGCATAAAAGCAGCCGCT",2,"TransF4-Reverse_RevComp","CTGCATATAAGCAGCTGCT",5.26315789473684,2,1,1,0,TRUE,TRUE,FALSE,"AG-CM"
"CTGCATATAAGCAGCCGCT",23,"TransF4-Reverse_RevComp","CTGCATATAAGCAGCTGCT",60.5263157894737,1,1,0,0,TRUE,TRUE,FALSE,"AG-CM"
