"Target_Sequence","Sample_Size","Primer_Name","Primer_Target_Sequence","Representation_Percent","Full_HD","FivePrimeHalf_HD","ThreePrimeHalf_HD","Terminal2nt_HD","Definition.1_Qualified","Definition.2_Qualified","Definition.3_Qualified","population"
"GCCCGAACAGGGACTTG",1,"LTRgag-Forward","TCTCGACGCAGGACTCG",0.17921146953405,7,4,3,0,FALSE,FALSE,FALSE,"B-US"
"GCTGACGCAGGACCCA",1,"LTRgag-Forward","TCTCGACGCAGGACTCG",0.17921146953405,4,2,2,1,FALSE,FALSE,FALSE,"B-US"
"TCCCGACGCAGGACTCG",1,"LTRgag-Forward","TCTCGACGCAGGACTCG",0.17921146953405,1,1,0,0,TRUE,TRUE,FALSE,"B-US"
"TCGAACCGCAGGACTCG",1,"LTRgag-Forward","TCTCGACGCAGGACTCG",0.17921146953405,4,4,0,0,FALSE,FALSE,FALSE,"B-US"
"TCTCAACGCAGGACTCG",1,"LTRgag-Forward","TCTCGACGCAGGACTCG",0.17921146953405,1,1,0,0,TRUE,TRUE,FALSE,"B-US"
"TCTCGACGCAGGACCCG",1,"LTRgag-Forward","TCTCGACGCAGGACTCG",0.17921146953405,1,0,1,0,TRUE,TRUE,FALSE,"B-US"
"TCTCGACGCAGGGCTCG",1,"LTRgag-Forward","TCTCGACGCAGGACTCG",0.17921146953405,1,0,1,0,TRUE,TRUE,FALSE,"B-US"
"TCTCGACGCRGGACTCG",1,"LTRgag-Forward","TCTCGACGCAGGACTCG",0.17921146953405,0.5,0,0.5,0,TRUE,TRUE,FALSE,"B-US"
"TCTCGACRCAGGACTCG",1,"LTRgag-Forward","TCTCGACGCAGGACTCG",0.17921146953405,0.5,0.5,0,0,TRUE,TRUE,FALSE,"B-US"
"TCTCGTCGCAAGACTCG",1,"LTRgag-Forward","TCTCGACGCAGGACTCG",0.17921146953405,2,1,1,0,TRUE,TRUE,FALSE,"B-US"
"TCTTGACACAAGGACTCG",1,"LTRgag-Forward","TCTCGACGCAGGACTCG",0.17921146953405,3,2,1,0,TRUE,TRUE,FALSE,"B-US"
"TCTTGACGCAGGACTCG",14,"LTRgag-Forward","TCTCGACGCAGGACTCG",2.5089605734767,1,1,0,0,TRUE,TRUE,FALSE,"B-US"
"TCTCGACGCAGGACTCR",2,"LTRgag-Forward","TCTCGACGCAGGACTCG",0.3584229390681,0.5,0,0.5,0.5,TRUE,FALSE,FALSE,"B-US"
"TCTCGACGCAGGGACTCG",2,"LTRgag-Forward","TCTCGACGCAGGACTCG",0.3584229390681,2,0,2,0,FALSE,FALSE,FALSE,"B-US"
"TCTCGACGCGAGGACTCG",2,"LTRgag-Forward","TCTCGACGCAGGACTCG",0.3584229390681,1,0,1,0,TRUE,TRUE,FALSE,"B-US"
"TCTCGRCGCAGGACTCG",2,"LTRgag-Forward","TCTCGACGCAGGACTCG",0.3584229390681,0.5,0.5,0,0,TRUE,TRUE,FALSE,"B-US"
"TCTCGACGCAAGGACTCG",3,"LTRgag-Forward","TCTCGACGCAGGACTCG",0.537634408602151,1,0,1,0,TRUE,TRUE,FALSE,"B-US"
"TCTCGGCGCAGGACTCG",4,"LTRgag-Forward","TCTCGACGCAGGACTCG",0.716845878136201,1,1,0,0,TRUE,TRUE,FALSE,"B-US"
"TCTYGACGCAGGACTCG",5,"LTRgag-Forward","TCTCGACGCAGGACTCG",0.896057347670251,0.5,0.5,0,0,TRUE,TRUE,FALSE,"B-US"
"TCTCGACGCAGGACTCG",513,"LTRgag-Forward","TCTCGACGCAGGACTCG",91.9354838709677,0,0,0,0,TRUE,TRUE,TRUE,"B-US"
"GAGGCKAGAAGGAGAGAG",1,"LTRgag-Probe_RevComp","GAGGCTAGAAGGAGAGAG",0.156985871271586,0.5,0.5,0,0,TRUE,TRUE,FALSE,"B-US"
"GAGGCTAGAAAGAGAG",1,"LTRgag-Probe_RevComp","GAGGCTAGAAGGAGAGAG",0.156985871271586,3,0,3,1,FALSE,FALSE,FALSE,"B-US"
"GAGGCTAGAAGGAGAGAR",1,"LTRgag-Probe_RevComp","GAGGCTAGAAGGAGAGAG",0.156985871271586,0.5,0,0.5,0.5,TRUE,TRUE,FALSE,"B-US"
"GAGGCTAGAAGGAGAGAT",1,"LTRgag-Probe_RevComp","GAGGCTAGAAGGAGAGAG",0.156985871271586,1,0,1,1,TRUE,TRUE,FALSE,"B-US"
"GAGGCTAGAAGGAGAGGG",1,"LTRgag-Probe_RevComp","GAGGCTAGAAGGAGAGAG",0.156985871271586,1,0,1,0,TRUE,TRUE,FALSE,"B-US"
"GAGGCTAGAAGGAGAGWG",1,"LTRgag-Probe_RevComp","GAGGCTAGAAGGAGAGAG",0.156985871271586,0.5,0,0.5,0,TRUE,TRUE,FALSE,"B-US"
"GAGGCTAGAAGGAGARAG",1,"LTRgag-Probe_RevComp","GAGGCTAGAAGGAGAGAG",0.156985871271586,0.5,0,0.5,0,TRUE,TRUE,FALSE,"B-US"
"GAGGCTAGAAGGARAGAG",1,"LTRgag-Probe_RevComp","GAGGCTAGAAGGAGAGAG",0.156985871271586,0.5,0,0.5,0,TRUE,TRUE,FALSE,"B-US"
"GAGGCTAGAAGGCCAGAC",1,"LTRgag-Probe_RevComp","GAGGCTAGAAGGAGAGAG",0.156985871271586,3,0,3,1,FALSE,FALSE,FALSE,"B-US"
"GAGGCTAGAAGGTGAGAG",1,"LTRgag-Probe_RevComp","GAGGCTAGAAGGAGAGAG",0.156985871271586,1,0,1,0,TRUE,TRUE,FALSE,"B-US"
"GAGGCTAGAAGRAGAGAR",1,"LTRgag-Probe_RevComp","GAGGCTAGAAGGAGAGAG",0.156985871271586,1,0,1,0.5,TRUE,TRUE,FALSE,"B-US"
"GAGGCTAGAMGGAGAGAG",1,"LTRgag-Probe_RevComp","GAGGCTAGAAGGAGAGAG",0.156985871271586,0.5,0,0.5,0,TRUE,TRUE,FALSE,"B-US"
"GAGGCTAGGAGGAGAGGG",1,"LTRgag-Probe_RevComp","GAGGCTAGAAGGAGAGAG",0.156985871271586,2,1,1,0,FALSE,FALSE,FALSE,"B-US"
"GAGGCTAGRAGGAGAGAG",1,"LTRgag-Probe_RevComp","GAGGCTAGAAGGAGAGAG",0.156985871271586,0.5,0.5,0,0,TRUE,TRUE,FALSE,"B-US"
"GAGGCTRGAAGGAGAGAG",1,"LTRgag-Probe_RevComp","GAGGCTAGAAGGAGAGAG",0.156985871271586,0.5,0.5,0,0,TRUE,TRUE,FALSE,"B-US"
"GAGGCYARAAGGAGAGAR",1,"LTRgag-Probe_RevComp","GAGGCTAGAAGGAGAGAG",0.156985871271586,1.5,1,0.5,0.5,FALSE,FALSE,FALSE,"B-US"
"GAGGGTAGAAGGAGAGAG",1,"LTRgag-Probe_RevComp","GAGGCTAGAAGGAGAGAG",0.156985871271586,1,1,0,0,TRUE,TRUE,FALSE,"B-US"
"GAGGYTAGAAGGAGAGAG",1,"LTRgag-Probe_RevComp","GAGGCTAGAAGGAGAGAG",0.156985871271586,0.5,0.5,0,0,TRUE,TRUE,FALSE,"B-US"
"GCGGCTAGAAGGAGAGAG",1,"LTRgag-Probe_RevComp","GAGGCTAGAAGGAGAGAG",0.156985871271586,1,1,0,0,TRUE,TRUE,FALSE,"B-US"
"GRGGCTAGAAGGAGAGAG",1,"LTRgag-Probe_RevComp","GAGGCTAGAAGGAGAGAG",0.156985871271586,0.5,0.5,0,0,TRUE,TRUE,FALSE,"B-US"
"GTGGCTAGAAGAGAGAG",1,"LTRgag-Probe_RevComp","GAGGCTAGAAGGAGAGAG",0.156985871271586,2,1,1,0,FALSE,FALSE,FALSE,"B-US"
"GTGGCTAGAAGGAGAGAG",1,"LTRgag-Probe_RevComp","GAGGCTAGAAGGAGAGAG",0.156985871271586,1,1,0,0,TRUE,TRUE,FALSE,"B-US"
"AAGGCTAGAAGGAGAGAG",2,"LTRgag-Probe_RevComp","GAGGCTAGAAGGAGAGAG",0.313971742543171,1,1,0,0,TRUE,TRUE,FALSE,"B-US"
"GAGGCTAAAAGGAGAGAG",2,"LTRgag-Probe_RevComp","GAGGCTAGAAGGAGAGAG",0.313971742543171,1,1,0,0,TRUE,TRUE,FALSE,"B-US"
"GAGGCTAGAAGGAGAGTG",2,"LTRgag-Probe_RevComp","GAGGCTAGAAGGAGAGAG",0.313971742543171,1,0,1,0,TRUE,TRUE,FALSE,"B-US"
"GAGGCTAGAAGGGGAGAG",2,"LTRgag-Probe_RevComp","GAGGCTAGAAGGAGAGAG",0.313971742543171,1,0,1,0,TRUE,TRUE,FALSE,"B-US"
"GGGGCTAGAAGGAGAGAG",2,"LTRgag-Probe_RevComp","GAGGCTAGAAGGAGAGAG",0.313971742543171,1,1,0,0,TRUE,TRUE,FALSE,"B-US"
"GWGGCTAGAAGAGAGAG",2,"LTRgag-Probe_RevComp","GAGGCTAGAAGGAGAGAG",0.313971742543171,1.5,0.5,1,0,FALSE,FALSE,FALSE,"B-US"
"RAGGCTAGAAGGAGAGAG",2,"LTRgag-Probe_RevComp","GAGGCTAGAAGGAGAGAG",0.313971742543171,0.5,0.5,0,0,TRUE,TRUE,FALSE,"B-US"
"GAGGCTAGAAGGAGAGCG",3,"LTRgag-Probe_RevComp","GAGGCTAGAAGGAGAGAG",0.470957613814757,1,0,1,0,TRUE,TRUE,FALSE,"B-US"
"GAGGCTAGGAGGAGAGAG",3,"LTRgag-Probe_RevComp","GAGGCTAGAAGGAGAGAG",0.470957613814757,1,1,0,0,TRUE,TRUE,FALSE,"B-US"
"GAGGCTAGAAGGAGAGAG",595,"LTRgag-Probe_RevComp","GAGGCTAGAAGGAGAGAG",93.4065934065934,0,0,0,0,TRUE,TRUE,TRUE,"B-US"
"AGTGCGAGAGCGTCAGTA",1,"LTRgag-Reverse_RevComp","GGTGCGAGAGCGTCAGTA",0.0447027268663388,1,0,1,1,TRUE,FALSE,FALSE,"B-US"
"AGTGCGAGAGCGTCGGTA",1,"LTRgag-Reverse_RevComp","GGTGCGAGAGCGTCAGTA",0.0447027268663388,2,1,1,1,TRUE,FALSE,FALSE,"B-US"
"GGGTCGAGAGCGTCAGTA",1,"LTRgag-Reverse_RevComp","GGTGCGAGAGCGTCAGTA",0.0447027268663388,2,0,2,0,FALSE,FALSE,FALSE,"B-US"
"GGTGCAAGAGCGTCAGTA",1,"LTRgag-Reverse_RevComp","GGTGCGAGAGCGTCAGTA",0.0447027268663388,1,0,1,0,TRUE,TRUE,FALSE,"B-US"
"GGTGCGAGAGCCTCGGTA",1,"LTRgag-Reverse_RevComp","GGTGCGAGAGCGTCAGTA",0.0447027268663388,2,2,0,0,TRUE,TRUE,FALSE,"B-US"
"GGTGCGAGAGCGTCAATG",1,"LTRgag-Reverse_RevComp","GGTGCGAGAGCGTCAGTA",0.0447027268663388,2,2,0,0,TRUE,TRUE,FALSE,"B-US"
"GGTGCGAGAGCGTCAATR",1,"LTRgag-Reverse_RevComp","GGTGCGAGAGCGTCAGTA",0.0447027268663388,1.5,1.5,0,0,TRUE,TRUE,FALSE,"B-US"
"GGTGCGAGAGCGTCAGWW",1,"LTRgag-Reverse_RevComp","GGTGCGAGAGCGTCAGTA",0.0447027268663388,1,1,0,0,TRUE,TRUE,FALSE,"B-US"
"GGTGCGAGAGCGTCATTA",1,"LTRgag-Reverse_RevComp","GGTGCGAGAGCGTCAGTA",0.0447027268663388,1,1,0,0,TRUE,TRUE,FALSE,"B-US"
"GGTGCGAGAGCGTCGRTA",1,"LTRgag-Reverse_RevComp","GGTGCGAGAGCGTCAGTA",0.0447027268663388,1.5,1.5,0,0,TRUE,TRUE,FALSE,"B-US"
"GGTGCGAGAGCGTCVGTA",1,"LTRgag-Reverse_RevComp","GGTGCGAGAGCGTCAGTA",0.0447027268663388,0.666666666666667,0.666666666666667,0,0,TRUE,TRUE,FALSE,"B-US"
"GGTGCGAGAGCRTCAGTA",1,"LTRgag-Reverse_RevComp","GGTGCGAGAGCGTCAGTA",0.0447027268663388,0.5,0.5,0,0,TRUE,TRUE,FALSE,"B-US"
"GGTGCGAGAGMGTCAGTA",1,"LTRgag-Reverse_RevComp","GGTGCGAGAGCGTCAGTA",0.0447027268663388,0.5,0.5,0,0,TRUE,TRUE,FALSE,"B-US"
"GGTGCGAGAGSGTCRGTA",1,"LTRgag-Reverse_RevComp","GGTGCGAGAGCGTCAGTA",0.0447027268663388,1,1,0,0,TRUE,TRUE,FALSE,"B-US"
"GGTGCGAGARCGTCAGTA",1,"LTRgag-Reverse_RevComp","GGTGCGAGAGCGTCAGTA",0.0447027268663388,0.5,0.5,0,0,TRUE,TRUE,FALSE,"B-US"
"GGTGCGAGASCGTCAGTA",1,"LTRgag-Reverse_RevComp","GGTGCGAGAGCGTCAGTA",0.0447027268663388,0.5,0.5,0,0,TRUE,TRUE,FALSE,"B-US"
"GGTGCGAGGGCGTCAGTA",1,"LTRgag-Reverse_RevComp","GGTGCGAGAGCGTCAGTA",0.0447027268663388,1,0,1,0,TRUE,TRUE,FALSE,"B-US"
"GGTGCGAGRGCGTCAGTA",1,"LTRgag-Reverse_RevComp","GGTGCGAGAGCGTCAGTA",0.0447027268663388,0.5,0,0.5,0,TRUE,TRUE,FALSE,"B-US"
"GGTGCGARGGCGTCGGTA",1,"LTRgag-Reverse_RevComp","GGTGCGAGAGCGTCAGTA",0.0447027268663388,2.5,1,1.5,0,FALSE,FALSE,FALSE,"B-US"
"GGTGCRAGAGCGTCGGTA",1,"LTRgag-Reverse_RevComp","GGTGCGAGAGCGTCAGTA",0.0447027268663388,1.5,1,0.5,0,TRUE,TRUE,FALSE,"B-US"
"GGTGCRAGAGCGTCRGTA",1,"LTRgag-Reverse_RevComp","GGTGCGAGAGCGTCAGTA",0.0447027268663388,1,0.5,0.5,0,TRUE,TRUE,FALSE,"B-US"
"GGTGCSARAGCGTCARTA",1,"LTRgag-Reverse_RevComp","GGTGCGAGAGCGTCAGTA",0.0447027268663388,1.5,0.5,1,0,TRUE,TRUE,FALSE,"B-US"
"GGTGCSARARCSTCAGTA",1,"LTRgag-Reverse_RevComp","GGTGCGAGAGCGTCAGTA",0.0447027268663388,2,1,1,0,TRUE,TRUE,FALSE,"B-US"
"GGTGYGAGAGCGTCAGTA",1,"LTRgag-Reverse_RevComp","GGTGCGAGAGCGTCAGTA",0.0447027268663388,0.5,0,0.5,0,TRUE,TRUE,FALSE,"B-US"
"GGTGYGAGAGCGTCGGTA",1,"LTRgag-Reverse_RevComp","GGTGCGAGAGCGTCAGTA",0.0447027268663388,1.5,1,0.5,0,TRUE,TRUE,FALSE,"B-US"
"GGTKCGAKAGCGTCAATA",1,"LTRgag-Reverse_RevComp","GGTGCGAGAGCGTCAGTA",0.0447027268663388,2,1,1,0,TRUE,TRUE,FALSE,"B-US"
"GGTSCGAGAGCGTCAKTA",1,"LTRgag-Reverse_RevComp","GGTGCGAGAGCGTCAGTA",0.0447027268663388,1,0.5,0.5,0,TRUE,TRUE,FALSE,"B-US"
"GRTGCGAGAGCGTCARTA",1,"LTRgag-Reverse_RevComp","GGTGCGAGAGCGTCAGTA",0.0447027268663388,1,0.5,0.5,0.5,TRUE,FALSE,FALSE,"B-US"
"GGTGCGAGAGCGTCAGTA",1613,"LTRgag-Reverse_RevComp","GGTGCGAGAGCGTCAGTA",72.1054984354046,0,0,0,0,TRUE,TRUE,TRUE,"B-US"
"GGAGCGAGAGCGTCAGTA",2,"LTRgag-Reverse_RevComp","GGTGCGAGAGCGTCAGTA",0.0894054537326777,1,0,1,0,TRUE,TRUE,FALSE,"B-US"
"GGTGCGAGAGCGTCAGTR",2,"LTRgag-Reverse_RevComp","GGTGCGAGAGCGTCAGTA",0.0894054537326777,0.5,0.5,0,0,TRUE,TRUE,FALSE,"B-US"
"GGTGCGAGAGCGTCAGYA",2,"LTRgag-Reverse_RevComp","GGTGCGAGAGCGTCAGTA",0.0894054537326777,0.5,0.5,0,0,TRUE,TRUE,FALSE,"B-US"
"GGTGCGWGWGCGTCAGTA",2,"LTRgag-Reverse_RevComp","GGTGCGAGAGCGTCAGTA",0.0894054537326777,1,0,1,0,TRUE,TRUE,FALSE,"B-US"
"GGTGCSAGAGCGTCAGTA",2,"LTRgag-Reverse_RevComp","GGTGCGAGAGCGTCAGTA",0.0894054537326777,0.5,0,0.5,0,TRUE,TRUE,FALSE,"B-US"
"GGTGCSAGAGCSTCGGTA",2,"LTRgag-Reverse_RevComp","GGTGCGAGAGCGTCAGTA",0.0894054537326777,2,1.5,0.5,0,TRUE,TRUE,FALSE,"B-US"
"GGYGCGAGAGCGTCAGTA",2,"LTRgag-Reverse_RevComp","GGTGCGAGAGCGTCAGTA",0.0894054537326777,0.5,0,0.5,0,TRUE,TRUE,FALSE,"B-US"
"GGTGCGAGAGCGTCAATA",218,"LTRgag-Reverse_RevComp","GGTGCGAGAGCGTCAGTA",9.74519445686187,1,1,0,0,TRUE,TRUE,FALSE,"B-US"
"GGTGCGAGAGCGTCGGTA",258,"LTRgag-Reverse_RevComp","GGTGCGAGAGCGTCAGTA",11.5333035315154,1,1,0,0,TRUE,TRUE,FALSE,"B-US"
"GGTGCGAGAGCGTCGATA",3,"LTRgag-Reverse_RevComp","GGTGCGAGAGCGTCAGTA",0.134108180599017,2,2,0,0,TRUE,TRUE,FALSE,"B-US"
"GGTGCGAGAGTGTCAGTA",3,"LTRgag-Reverse_RevComp","GGTGCGAGAGCGTCAGTA",0.134108180599017,1,1,0,0,TRUE,TRUE,FALSE,"B-US"
"GGTGCGAGWGCGTCAGTA",3,"LTRgag-Reverse_RevComp","GGTGCGAGAGCGTCAGTA",0.134108180599017,0.5,0,0.5,0,TRUE,TRUE,FALSE,"B-US"
"GGTGCGAGAGCGTCRGTA",35,"LTRgag-Reverse_RevComp","GGTGCGAGAGCGTCAGTA",1.56459544032186,0.5,0.5,0,0,TRUE,TRUE,FALSE,"B-US"
"GGTGCGAGAGCGTCAGTG",4,"LTRgag-Reverse_RevComp","GGTGCGAGAGCGTCAGTA",0.178810907465355,1,1,0,0,TRUE,TRUE,FALSE,"B-US"
"GGTGCGAGAGCGTCRRTA",4,"LTRgag-Reverse_RevComp","GGTGCGAGAGCGTCAGTA",0.178810907465355,1,1,0,0,TRUE,TRUE,FALSE,"B-US"
"GGTGCGAGAGCGTCARTA",49,"LTRgag-Reverse_RevComp","GGTGCGAGAGCGTCAGTA",2.1904336164506,0.5,0.5,0,0,TRUE,TRUE,FALSE,"B-US"
"GGTGCGAGAGCGTCTGTA",5,"LTRgag-Reverse_RevComp","GGTGCGAGAGCGTCAGTA",0.223513634331694,1,1,0,0,TRUE,TRUE,FALSE,"B-US"
"AGGACTTTCCACTGGG",1,"TransF4-Forward","GGGACTTTCCGCTGGG",0.128040973111396,2,1,1,0,TRUE,TRUE,FALSE,"B-US"
"AGGACTTTCCGCTGGG",1,"TransF4-Forward","GGGACTTTCCGCTGGG",0.128040973111396,1,1,0,0,TRUE,TRUE,FALSE,"B-US"
"GGGACGATCTGCGGAG",1,"TransF4-Forward","GGGACTTTCCGCTGGG",0.128040973111396,5,2,3,0,FALSE,FALSE,FALSE,"B-US"
"GGGACGTTCCGCTGGG",1,"TransF4-Forward","GGGACTTTCCGCTGGG",0.128040973111396,1,1,0,0,TRUE,TRUE,FALSE,"B-US"
"GGGACTAGGAGCTGTG",1,"TransF4-Forward","GGGACTTTCCGCTGGG",0.128040973111396,5,2,3,0,FALSE,FALSE,FALSE,"B-US"
"GGGACTGTCCGCCGGG",1,"TransF4-Forward","GGGACTTTCCGCTGGG",0.128040973111396,2,1,1,0,TRUE,TRUE,FALSE,"B-US"
"GGGACTKKRRGGK",1,"TransF4-Forward","GGGACTTTCCGCTGGG",0.128040973111396,6.5,1,5.5,0.5,FALSE,FALSE,FALSE,"B-US"
"GGGACTTACCGCTGGG",1,"TransF4-Forward","GGGACTTTCCGCTGGG",0.128040973111396,1,1,0,0,TRUE,TRUE,FALSE,"B-US"
"GGGACTTCCACCTGGG",1,"TransF4-Forward","GGGACTTTCCGCTGGG",0.128040973111396,3,1,2,0,FALSE,FALSE,FALSE,"B-US"
"GGGACTTCCCGCTGGG",1,"TransF4-Forward","GGGACTTTCCGCTGGG",0.128040973111396,1,1,0,0,TRUE,TRUE,FALSE,"B-US"
"GGGACTTKCCGCTGGG",1,"TransF4-Forward","GGGACTTTCCGCTGGG",0.128040973111396,0.5,0.5,0,0,TRUE,TRUE,FALSE,"B-US"
"GGGACTTTCCACAAGG",1,"TransF4-Forward","GGGACTTTCCGCTGGG",0.128040973111396,3,0,3,0,FALSE,FALSE,FALSE,"B-US"
"GGGACTTTCCACCAGG",1,"TransF4-Forward","GGGACTTTCCGCTGGG",0.128040973111396,3,0,3,0,FALSE,FALSE,FALSE,"B-US"
"GGGACTTTCCACGGGG",1,"TransF4-Forward","GGGACTTTCCGCTGGG",0.128040973111396,2,0,2,0,FALSE,FALSE,FALSE,"B-US"
"GGGACTTTCCACYGGG",1,"TransF4-Forward","GGGACTTTCCGCTGGG",0.128040973111396,1.5,0,1.5,0,FALSE,FALSE,FALSE,"B-US"
"GGGACTTTCCAGAAGAG",1,"TransF4-Forward","GGGACTTTCCGCTGGG",0.128040973111396,6,0,6,2,FALSE,FALSE,FALSE,"B-US"
"GGGACTTTCCGACGGG",1,"TransF4-Forward","GGGACTTTCCGCTGGG",0.128040973111396,2,0,2,0,FALSE,FALSE,FALSE,"B-US"
"GGGACTTTCCGCCCGG",1,"TransF4-Forward","GGGACTTTCCGCTGGG",0.128040973111396,2,0,2,0,FALSE,FALSE,FALSE,"B-US"
"GGGACTTTCCGCKGGG",1,"TransF4-Forward","GGGACTTTCCGCTGGG",0.128040973111396,0.5,0,0.5,0,TRUE,TRUE,FALSE,"B-US"
"GGGACTTTCCGCTAGT",1,"TransF4-Forward","GGGACTTTCCGCTGGG",0.128040973111396,2,0,2,1,FALSE,FALSE,FALSE,"B-US"
"GGGACTTTCCGCTGRG",1,"TransF4-Forward","GGGACTTTCCGCTGGG",0.128040973111396,0.5,0,0.5,0,TRUE,TRUE,FALSE,"B-US"
"GGGACTTTCCGCTTGG",1,"TransF4-Forward","GGGACTTTCCGCTGGG",0.128040973111396,1,0,1,0,TRUE,TRUE,FALSE,"B-US"
"GGGACTTTCCGCYRGG",1,"TransF4-Forward","GGGACTTTCCGCTGGG",0.128040973111396,1,0,1,0,TRUE,TRUE,FALSE,"B-US"
"GGGACTTTCCGGGG",1,"TransF4-Forward","GGGACTTTCCGCTGGG",0.128040973111396,2,0,2,0,FALSE,FALSE,FALSE,"B-US"
"GGGACTTTCCGRCGGG",1,"TransF4-Forward","GGGACTTTCCGCTGGG",0.128040973111396,2,0,2,0,FALSE,FALSE,FALSE,"B-US"
"GGGACTTTCCGYTGGG",1,"TransF4-Forward","GGGACTTTCCGCTGGG",0.128040973111396,0.5,0,0.5,0,TRUE,TRUE,FALSE,"B-US"
"GGGACTTTCCGYTRGG",1,"TransF4-Forward","GGGACTTTCCGCTGGG",0.128040973111396,1,0,1,0,TRUE,TRUE,FALSE,"B-US"
"GGGACTTTCCRCTSGG",1,"TransF4-Forward","GGGACTTTCCGCTGGG",0.128040973111396,1,0,1,0,TRUE,TRUE,FALSE,"B-US"
"GGGACTTTCCRCYGGG",1,"TransF4-Forward","GGGACTTTCCGCTGGG",0.128040973111396,1,0,1,0,TRUE,TRUE,FALSE,"B-US"
"GGGACTTTCCRGGG",1,"TransF4-Forward","GGGACTTTCCGCTGGG",0.128040973111396,3,0,3,0,FALSE,FALSE,FALSE,"B-US"
"GGGACTTTCGCTGGG",1,"TransF4-Forward","GGGACTTTCCGCTGGG",0.128040973111396,1,0,1,0,TRUE,TRUE,FALSE,"B-US"
"GGGACTTTCTGCTTGG",1,"TransF4-Forward","GGGACTTTCCGCTGGG",0.128040973111396,2,0,2,0,FALSE,FALSE,FALSE,"B-US"
"GGGACTTTCYACTGGG",1,"TransF4-Forward","GGGACTTTCCGCTGGG",0.128040973111396,1.5,0,1.5,0,FALSE,FALSE,FALSE,"B-US"
"GGGACTTTCYGCTGGG",1,"TransF4-Forward","GGGACTTTCCGCTGGG",0.128040973111396,0.5,0,0.5,0,TRUE,TRUE,FALSE,"B-US"
"GGGACTTTMCGCTGGG",1,"TransF4-Forward","GGGACTTTCCGCTGGG",0.128040973111396,0.5,0,0.5,0,TRUE,TRUE,FALSE,"B-US"
"GGGACTTTTGCTGGG",1,"TransF4-Forward","GGGACTTTCCGCTGGG",0.128040973111396,2,0,2,0,FALSE,FALSE,FALSE,"B-US"
"GGGACTTTYCGCTGGG",1,"TransF4-Forward","GGGACTTTCCGCTGGG",0.128040973111396,0.5,0,0.5,0,TRUE,TRUE,FALSE,"B-US"
"GGRACTTTCCACTGGR",1,"TransF4-Forward","GGGACTTTCCGCTGGG",0.128040973111396,2,0.5,1.5,0.5,FALSE,FALSE,FALSE,"B-US"
"GGRACTTTCCGCTGGG",1,"TransF4-Forward","GGGACTTTCCGCTGGG",0.128040973111396,0.5,0.5,0,0,TRUE,TRUE,FALSE,"B-US"
"GRGACTTTCCGCTGGG",1,"TransF4-Forward","GGGACTTTCCGCTGGG",0.128040973111396,0.5,0.5,0,0,TRUE,TRUE,FALSE,"B-US"
"GRGACTTTCCGCTGRG",1,"TransF4-Forward","GGGACTTTCCGCTGGG",0.128040973111396,1,0.5,0.5,0,TRUE,TRUE,FALSE,"B-US"
"GTGACTTTCCGCTGGG",1,"TransF4-Forward","GGGACTTTCCGCTGGG",0.128040973111396,1,1,0,0,TRUE,TRUE,FALSE,"B-US"
"RGGACTTTCCACTGRG",1,"TransF4-Forward","GGGACTTTCCGCTGGG",0.128040973111396,2,0.5,1.5,0,FALSE,FALSE,FALSE,"B-US"
"RGGACTTTCCGCTGGG",1,"TransF4-Forward","GGGACTTTCCGCTGGG",0.128040973111396,0.5,0.5,0,0,TRUE,TRUE,FALSE,"B-US"
"RGGACTTTCCGTTGRG",1,"TransF4-Forward","GGGACTTTCCGCTGGG",0.128040973111396,2,0.5,1.5,0,FALSE,FALSE,FALSE,"B-US"
"RGGASKTTCMGCTRGG",1,"TransF4-Forward","GGGACTTTCCGCTGGG",0.128040973111396,2.5,1.5,1,0,TRUE,TRUE,FALSE,"B-US"
"SGRACTTTCCGCTGGG",1,"TransF4-Forward","GGGACTTTCCGCTGGG",0.128040973111396,1,1,0,0,TRUE,TRUE,FALSE,"B-US"
"TGTACTTTCCGCTGTT",1,"TransF4-Forward","GGGACTTTCCGCTGGG",0.128040973111396,4,2,2,1,FALSE,FALSE,FALSE,"B-US"
"GGGACTTTCCGTTGGG",10,"TransF4-Forward","GGGACTTTCCGCTGGG",1.28040973111396,1,0,1,0,TRUE,TRUE,FALSE,"B-US"
"GGGACTTTCCRCTGGG",10,"TransF4-Forward","GGGACTTTCCGCTGGG",1.28040973111396,0.5,0,0.5,0,TRUE,TRUE,FALSE,"B-US"
"GGGACTTTCCGCCGGG",11,"TransF4-Forward","GGGACTTTCCGCTGGG",1.40845070422535,1,0,1,0,TRUE,TRUE,FALSE,"B-US"
"GGAACTTCTGGG",2,"TransF4-Forward","GGGACTTTCCGCTGGG",0.256081946222791,5,2,3,0,FALSE,FALSE,FALSE,"B-US"
"GGGACTTTCCACTGGR",2,"TransF4-Forward","GGGACTTTCCGCTGGG",0.256081946222791,1.5,0,1.5,0.5,FALSE,FALSE,FALSE,"B-US"
"GGGACTTTCCGCTGGA",2,"TransF4-Forward","GGGACTTTCCGCTGGG",0.256081946222791,1,0,1,1,TRUE,FALSE,FALSE,"B-US"
"GGGACTTTCCGCYGGG",2,"TransF4-Forward","GGGACTTTCCGCTGGG",0.256081946222791,0.5,0,0.5,0,TRUE,TRUE,FALSE,"B-US"
"GGGACTTTCCAGGG",3,"TransF4-Forward","GGGACTTTCCGCTGGG",0.384122919334187,3,0,3,0,FALSE,FALSE,FALSE,"B-US"
"GGGACTTTCCGTGGGG",3,"TransF4-Forward","GGGACTTTCCGCTGGG",0.384122919334187,2,0,2,0,FALSE,FALSE,FALSE,"B-US"
"GGGACTTTCTGCTGGG",3,"TransF4-Forward","GGGACTTTCCGCTGGG",0.384122919334187,1,0,1,0,TRUE,TRUE,FALSE,"B-US"
"GGGACTTTCCACTGGG",34,"TransF4-Forward","GGGACTTTCCGCTGGG",4.35339308578745,1,0,1,0,TRUE,TRUE,FALSE,"B-US"
"GGGACTTTCCGCCAGG",4,"TransF4-Forward","GGGACTTTCCGCTGGG",0.512163892445583,2,0,2,0,FALSE,FALSE,FALSE,"B-US"
"GGGACTTTCCGCTRGG",4,"TransF4-Forward","GGGACTTTCCGCTGGG",0.512163892445583,0.5,0,0.5,0,TRUE,TRUE,FALSE,"B-US"
"GGGACTTTCCGCTAGG",5,"TransF4-Forward","GGGACTTTCCGCTGGG",0.640204865556978,1,0,1,0,TRUE,TRUE,FALSE,"B-US"
"GGGACTTTCCACCGGG",6,"TransF4-Forward","GGGACTTTCCGCTGGG",0.768245838668374,2,0,2,0,FALSE,FALSE,FALSE,"B-US"
"GGGACTTTCCGCTGGG",617,"TransF4-Forward","GGGACTTTCCGCTGGG",79.0012804097311,0,0,0,0,TRUE,TRUE,TRUE,"B-US"
"GGGACTTTCCGATGGG",7,"TransF4-Forward","GGGACTTTCCGCTGGG",0.89628681177977,1,0,1,0,TRUE,TRUE,FALSE,"B-US"
"GGGACTTTCCGCGGGG",8,"TransF4-Forward","GGGACTTTCCGCTGGG",1.02432778489117,1,0,1,0,TRUE,TRUE,FALSE,"B-US"
"AGAGTGGCGAGCCCTCA",1,"TransF4-Probe_RevComp","GGAGTGGCGAGCCCTCA",0.140845070422535,1,1,0,0,TRUE,TRUE,FALSE,"B-US"
"CTGCATATAAGCAGCTGCT",1,"TransF4-Probe_RevComp","GGAGTGGCGAGCCCTCA",0.140845070422535,22,13,9,1,FALSE,FALSE,FALSE,"B-US"
"GGAGCGGCGAGCCCTCA",1,"TransF4-Probe_RevComp","GGAGTGGCGAGCCCTCA",0.140845070422535,1,1,0,0,TRUE,TRUE,FALSE,"B-US"
"GGAGGAGCGAGCCCTAT",1,"TransF4-Probe_RevComp","GGAGTGGCGAGCCCTCA",0.140845070422535,4,2,2,1,FALSE,FALSE,FALSE,"B-US"
"GGAGTAGCGAGCCCTCA",1,"TransF4-Probe_RevComp","GGAGTGGCGAGCCCTCA",0.140845070422535,1,1,0,0,TRUE,TRUE,FALSE,"B-US"
"GGAGTGGCCAGCCCTCA",1,"TransF4-Probe_RevComp","GGAGTGGCGAGCCCTCA",0.140845070422535,1,0,1,0,TRUE,TRUE,FALSE,"B-US"
"GGAGTGGCGAGCCCGCA",1,"TransF4-Probe_RevComp","GGAGTGGCGAGCCCTCA",0.140845070422535,1,0,1,0,TRUE,TRUE,FALSE,"B-US"
"GGAGTGGCGAGCCCTGA",1,"TransF4-Probe_RevComp","GGAGTGGCGAGCCCTCA",0.140845070422535,1,0,1,0,TRUE,TRUE,FALSE,"B-US"
"GGAGTGGCGAGCCCTTC",1,"TransF4-Probe_RevComp","GGAGTGGCGAGCCCTCA",0.140845070422535,2,0,2,1,FALSE,FALSE,FALSE,"B-US"
"GGAGTGGCGAGCCCTYA",1,"TransF4-Probe_RevComp","GGAGTGGCGAGCCCTCA",0.140845070422535,0.5,0,0.5,0,TRUE,TRUE,FALSE,"B-US"
"GGAGTGGCGAGCYCYCA",1,"TransF4-Probe_RevComp","GGAGTGGCGAGCCCTCA",0.140845070422535,1,0,1,0,TRUE,TRUE,FALSE,"B-US"
"GGAGTGGCGAGTCCTCA",1,"TransF4-Probe_RevComp","GGAGTGGCGAGCCCTCA",0.140845070422535,1,0,1,0,TRUE,TRUE,FALSE,"B-US"
"GGAGTGGCGTACCCTCA",1,"TransF4-Probe_RevComp","GGAGTGGCGAGCCCTCA",0.140845070422535,2,0,2,0,FALSE,FALSE,FALSE,"B-US"
"GGAGTGGCKAGCCCTCA",1,"TransF4-Probe_RevComp","GGAGTGGCGAGCCCTCA",0.140845070422535,0.5,0,0.5,0,TRUE,TRUE,FALSE,"B-US"
"GGAGTGGCRAACCCTCA",1,"TransF4-Probe_RevComp","GGAGTGGCGAGCCCTCA",0.140845070422535,1.5,0,1.5,0,FALSE,FALSE,FALSE,"B-US"
"GGAGTGGCRARCCCTCA",1,"TransF4-Probe_RevComp","GGAGTGGCGAGCCCTCA",0.140845070422535,1,0,1,0,TRUE,TRUE,FALSE,"B-US"
"GGAGTGGCTTGCCCTCA",1,"TransF4-Probe_RevComp","GGAGTGGCGAGCCCTCA",0.140845070422535,2,0,2,0,FALSE,FALSE,FALSE,"B-US"
"GGAGTGGTTAGCCCTCA",1,"TransF4-Probe_RevComp","GGAGTGGCGAGCCCTCA",0.140845070422535,2,1,1,0,FALSE,FALSE,FALSE,"B-US"
"GGGGAGGGAAGCGCTCA",1,"TransF4-Probe_RevComp","GGAGTGGCGAGCCCTCA",0.140845070422535,5,3,2,0,FALSE,FALSE,FALSE,"B-US"
"GGRGTGGSRAGCCCTCA",1,"TransF4-Probe_RevComp","GGAGTGGCGAGCCCTCA",0.140845070422535,1.5,1,0.5,0,FALSE,FALSE,FALSE,"B-US"
"GGRGTGGSRWGCCCTCA",1,"TransF4-Probe_RevComp","GGAGTGGCGAGCCCTCA",0.140845070422535,2,1,1,0,FALSE,FALSE,FALSE,"B-US"
"GGWGTGGYGARCCCTCA",1,"TransF4-Probe_RevComp","GGAGTGGCGAGCCCTCA",0.140845070422535,1.5,1,0.5,0,FALSE,FALSE,FALSE,"B-US"
"GGAGTGGCGAACCCTCA",13,"TransF4-Probe_RevComp","GGAGTGGCGAGCCCTCA",1.83098591549296,1,0,1,0,TRUE,TRUE,FALSE,"B-US"
"GGAGTGGCGAAACCCTCA",2,"TransF4-Probe_RevComp","GGAGTGGCGAGCCCTCA",0.28169014084507,2,0,2,0,FALSE,FALSE,FALSE,"B-US"
"GGAGTGGCGAGCCCACA",2,"TransF4-Probe_RevComp","GGAGTGGCGAGCCCTCA",0.28169014084507,1,0,1,0,TRUE,TRUE,FALSE,"B-US"
"GGAGTGGCTARCCCTCA",2,"TransF4-Probe_RevComp","GGAGTGGCGAGCCCTCA",0.28169014084507,1.5,0,1.5,0,FALSE,FALSE,FALSE,"B-US"
"GGAGTGGTGAGCCCTCA",2,"TransF4-Probe_RevComp","GGAGTGGCGAGCCCTCA",0.28169014084507,1,1,0,0,TRUE,TRUE,FALSE,"B-US"
"GGTGTGGCGAGCCCTCA",2,"TransF4-Probe_RevComp","GGAGTGGCGAGCCCTCA",0.28169014084507,1,1,0,0,TRUE,TRUE,FALSE,"B-US"
"GGAGGGGCGAGCCCTCA",3,"TransF4-Probe_RevComp","GGAGTGGCGAGCCCTCA",0.422535211267606,1,1,0,0,TRUE,TRUE,FALSE,"B-US"
"GGAGTGGCGAGCCTCA",3,"TransF4-Probe_RevComp","GGAGTGGCGAGCCCTCA",0.422535211267606,1,0,1,0,TRUE,TRUE,FALSE,"B-US"
"GGAGTGGCAAACCCTCA",4,"TransF4-Probe_RevComp","GGAGTGGCGAGCCCTCA",0.563380281690141,2,0,2,0,FALSE,FALSE,FALSE,"B-US"
"GGAGTGGCAAGCCCTCA",4,"TransF4-Probe_RevComp","GGAGTGGCGAGCCCTCA",0.563380281690141,1,0,1,0,TRUE,TRUE,FALSE,"B-US"
"GGAGTGGCGTGCCCTCA",4,"TransF4-Probe_RevComp","GGAGTGGCGAGCCCTCA",0.563380281690141,1,0,1,0,TRUE,TRUE,FALSE,"B-US"
"GGAGTGGCRAGCCCTCA",4,"TransF4-Probe_RevComp","GGAGTGGCGAGCCCTCA",0.563380281690141,0.5,0,0.5,0,TRUE,TRUE,FALSE,"B-US"
"GGAGTGGCTAACCCTCA",5,"TransF4-Probe_RevComp","GGAGTGGCGAGCCCTCA",0.704225352112676,2,0,2,0,FALSE,FALSE,FALSE,"B-US"
"GGAGTGGCGARCCCTCA",6,"TransF4-Probe_RevComp","GGAGTGGCGAGCCCTCA",0.845070422535211,0.5,0,0.5,0,TRUE,TRUE,FALSE,"B-US"
"GGAGTGGCGAGCCCTCA",625,"TransF4-Probe_RevComp","GGAGTGGCGAGCCCTCA",88.0281690140845,0,0,0,0,TRUE,TRUE,TRUE,"B-US"
"GGAGTGGCTAGCCCTCA",7,"TransF4-Probe_RevComp","GGAGTGGCGAGCCCTCA",0.985915492957746,1,0,1,0,TRUE,TRUE,FALSE,"B-US"
"ATGCATAAAAGCAGCTGCT",1,"TransF4-Reverse_RevComp","CTGCATATAAGCAGCTGCT",0.142247510668563,2,0,2,1,FALSE,FALSE,FALSE,"B-US"
"CAGCACAGCAAGCAGCAGCT",1,"TransF4-Reverse_RevComp","CTGCATATAAGCAGCTGCT",0.142247510668563,5,1,4,1,FALSE,FALSE,FALSE,"B-US"
"CCCTATATAAGCAGCTGCT",1,"TransF4-Reverse_RevComp","CTGCATATAAGCAGCTGCT",0.142247510668563,3,0,3,1,FALSE,FALSE,FALSE,"B-US"
"CTGCATATAAGCAACTGCT",1,"TransF4-Reverse_RevComp","CTGCATATAAGCAGCTGCT",0.142247510668563,1,1,0,0,TRUE,TRUE,FALSE,"B-US"
"CTGCATATAAGCACGTGCT",1,"TransF4-Reverse_RevComp","CTGCATATAAGCAGCTGCT",0.142247510668563,2,2,0,0,TRUE,TRUE,FALSE,"B-US"
"CTGCATATAAGCAGCTGCA",1,"TransF4-Reverse_RevComp","CTGCATATAAGCAGCTGCT",0.142247510668563,1,1,0,0,TRUE,TRUE,FALSE,"B-US"
"CTGCATATAAGCAGCTGCG",1,"TransF4-Reverse_RevComp","CTGCATATAAGCAGCTGCT",0.142247510668563,1,1,0,0,TRUE,TRUE,FALSE,"B-US"
"CTGCATATAAGCAGCTGTC",1,"TransF4-Reverse_RevComp","CTGCATATAAGCAGCTGCT",0.142247510668563,2,2,0,0,TRUE,TRUE,FALSE,"B-US"
"CTGCATAWAAGCAGCTGCT",1,"TransF4-Reverse_RevComp","CTGCATATAAGCAGCTGCT",0.142247510668563,0.5,0,0.5,0,TRUE,TRUE,FALSE,"B-US"
"CTGCATTTAAGCAGCTGCT",1,"TransF4-Reverse_RevComp","CTGCATATAAGCAGCTGCT",0.142247510668563,1,0,1,0,TRUE,TRUE,FALSE,"B-US"
"CYGCATATAAGCAGCCGCT",1,"TransF4-Reverse_RevComp","CTGCATATAAGCAGCTGCT",0.142247510668563,1.5,1,0.5,0.5,TRUE,FALSE,FALSE,"B-US"
"GTGCATATAAGCAGCTGGC",1,"TransF4-Reverse_RevComp","CTGCATATAAGCAGCTGCT",0.142247510668563,3,2,1,1,TRUE,FALSE,FALSE,"B-US"
"STGCATATAAGCAGCTGCT",1,"TransF4-Reverse_RevComp","CTGCATATAAGCAGCTGCT",0.142247510668563,0.5,0,0.5,0.5,TRUE,FALSE,FALSE,"B-US"
"YKGCATATAAGCAGCTGCT",1,"TransF4-Reverse_RevComp","CTGCATATAAGCAGCTGCT",0.142247510668563,1,0,1,1,TRUE,FALSE,FALSE,"B-US"
"CTGCATATAAGCAGCYGCT",10,"TransF4-Reverse_RevComp","CTGCATATAAGCAGCTGCT",1.42247510668563,0.5,0.5,0,0,TRUE,TRUE,FALSE,"B-US"
"CTGCATAAAAGCAGCCGCT",2,"TransF4-Reverse_RevComp","CTGCATATAAGCAGCTGCT",0.284495021337127,2,1,1,0,TRUE,TRUE,FALSE,"B-US"
"CTGCATATAAGCAGCAGCT",2,"TransF4-Reverse_RevComp","CTGCATATAAGCAGCTGCT",0.284495021337127,1,1,0,0,TRUE,TRUE,FALSE,"B-US"
"CTGCATATAAGCAGTTGCT",2,"TransF4-Reverse_RevComp","CTGCATATAAGCAGCTGCT",0.284495021337127,1,1,0,0,TRUE,TRUE,FALSE,"B-US"
"CTGCATAWAAGCAGCYGCT",2,"TransF4-Reverse_RevComp","CTGCATATAAGCAGCTGCT",0.284495021337127,1,0.5,0.5,0,TRUE,TRUE,FALSE,"B-US"
"GTGCATATAAGCAGCTGCT",2,"TransF4-Reverse_RevComp","CTGCATATAAGCAGCTGCT",0.284495021337127,1,0,1,1,TRUE,FALSE,FALSE,"B-US"
"CTGCATATAAGCAGCTGCT",586,"TransF4-Reverse_RevComp","CTGCATATAAGCAGCTGCT",83.3570412517781,0,0,0,0,TRUE,TRUE,TRUE,"B-US"
"CTGCATATAAGCAGCCGCT",75,"TransF4-Reverse_RevComp","CTGCATATAAGCAGCTGCT",10.6685633001422,1,1,0,0,TRUE,TRUE,FALSE,"B-US"
"CTGCATAAAAGCAGCTGCT",8,"TransF4-Reverse_RevComp","CTGCATATAAGCAGCTGCT",1.13798008534851,1,0,1,0,TRUE,TRUE,FALSE,"B-US"
