"","LTRgag-Forward","LTRgag-Probe_RevComp","LTRgag-Reverse_RevComp","TransF4-Forward","TransF4-Probe_RevComp","TransF4-Reverse_RevComp"
"SampleSize","148","193","366","47","44","39"
"Median HD(1st & 3rd Quantile) Full Length","1 (1 to 1)","0 (0 to 0)","1 (1 to 1)","0 (0 to 1)","2 (2 to 2)","1 (0 to 1)"
"Median HD(1st & 3rd Quantile)  5' Half","0 (0 to 0)","0 (0 to 0)","1 (1 to 1)","0 (0 to 0)","0 (0 to 0)","1 (0 to 1)"
"Median HD(1st & 3rd Quantile) 3' Half","1 (1 to 1)","0 (0 to 0)","0 (0 to 0)","0 (0 to 1)","2 (2 to 2)","0 (0 to 0)"
"Median HD(1st & 3rd Quantile) 2nts 3' terminal","0 (0 to 0)","0 (0 to 0)","0 (0 to 0)","0 (0 to 0)","0 (0 to 0)","0 (0 to 0)"
"PercentQualified.Definition.1","89.19%","100%","99.45%","78.72%","13.64%","100%"
"PercentQualified.Definition.2","89.19%","100%","98.91%","78.72%","13.64%","100%"
"PercentQualified.Definition.3","24.32%","98.96%","18.58%","51.06%","0%","28.21%"
