"","LTRgag-Forward","LTRgag-Probe_RevComp","LTRgag-Reverse_RevComp","TransF4-Forward","TransF4-Probe_RevComp","TransF4-Reverse_RevComp"
"SampleSize","16801","18134","26028","20805","20026","19915"
"Median HD(1st & 3rd Quantile) Full Length","0 (0 to 0)","0 (0 to 0)","0 (0 to 1)","0 (0 to 0)","0 (0 to 0)","0 (0 to 0)"
"Median HD(1st & 3rd Quantile)  5' Half","0 (0 to 0)","0 (0 to 0)","0 (0 to 1)","0 (0 to 0)","0 (0 to 0)","0 (0 to 0)"
"Median HD(1st & 3rd Quantile) 3' Half","0 (0 to 0)","0 (0 to 0)","0 (0 to 0)","0 (0 to 0)","0 (0 to 0)","0 (0 to 0)"
"Median HD(1st & 3rd Quantile) 2nts 3' terminal","0 (0 to 0)","0 (0 to 0)","0 (0 to 0)","0 (0 to 0)","0 (0 to 0)","0 (0 to 0)"
"PercentQualified.Definition.1","99.83%","98.64%","99.32%","95.67%","95.17%","99.72%"
"PercentQualified.Definition.2","99.78%","98.64%","99.21%","95.54%","95.17%","99.6%"
"PercentQualified.Definition.3","88.83%","93.16%","68.86%","78.09%","86.81%","78.83%"
