﻿GroupName,DonorID,SeqID,Sequence
Subtype1-Country1,Donor1,Seq1,TCTCGACGCAGGACT
Subtype1-Country1,Donor1,Seq2,TCTCGACGCAGGACT
Subtype1-Country1,Donor1,Seq3,TCTCGACGCAGGACT
Subtype1-Country1,Donor2,Seq1,TCTCGACGCAGGACTCG
Subtype1-Country1,Donor2,Seq2,TCTCGACGCAGGACTC
Subtype1-Country1,Donor2,Seq3,TCTCGACGCAGGACTC
Subtype1-Country1,Donor3,Seq1,TCTCGACGCAGGACTCG
Subtype1-Country1,Donor3,Seq2,TCTCGACGCAGGACTCG
Subtype1-Country1,Donor3,Seq3,TCTCGACGCAGGACTCG
Subtype2-Country1,Donor1,Seq1,TCTCGACGCAGGACTCG
Subtype2-Country1,Donor1,Seq2,TCTCGACGCAGGACTCG
Subtype2-Country1,Donor1,Seq3,TCTCGACGCAGGACTCG
Subtype2-Country1,Donor2,Seq1,TCTCGACGCAGGACTCG
Subtype2-Country1,Donor2,Seq2,TCTCGACGCAGGACTCG
Subtype2-Country1,Donor2,Seq3,TCTCGACGCAGGACTCG
Subtype2-Country1,Donor3,Seq1,TCTCGACGCAGGACTCG
Subtype2-Country1,Donor3,Seq2,TCTCGACGCAGGACTCG
Subtype2-Country1,Donor3,Seq3,TCTCGACGCAGGACTCG
Subtype1-Country2,Donor1,Seq1,TCTCGACGCAGGACTCG
Subtype1-Country2,Donor1,Seq2,TCTCGACGCAGGACTCG
Subtype1-Country2,Donor1,Seq3,TCTCGACGCAGGACTCG
Subtype1-Country2,Donor2,Seq1,TCTCGACGCAGGACTCG
Subtype1-Country2,Donor2,Seq2,TCTCGACGCAGGACTCG
Subtype1-Country2,Donor2,Seq3,TCTCGACGCAGGACTCG
Subtype1-Country2,Donor3,Seq1,TCTCGACGCAGGACTCG
Subtype1-Country2,Donor3,Seq2,TCTCGACGCAGGACTCG
Subtype1-Country2,Donor3,Seq3,TCTCGACGCAGGACTCG
Subtype2-Country2,Donor1,Seq1,TCTCGACGCAGGACTCG
Subtype2-Country2,Donor1,Seq2,TCTCAACGCAGGACTCG
Subtype2-Country2,Donor1,Seq3,TCTCGACGCAGGACTCG
Subtype2-Country2,Donor2,Seq1,TCTCGACGCAGGACTCG
Subtype2-Country2,Donor2,Seq2,TCTCGACGCAGGACTCG
Subtype2-Country2,Donor2,Seq3,TCTCGACGCAGGACTCG
Subtype2-Country2,Donor3,Seq1,TCTCGACGCAGGACTCG
Subtype2-Country2,Donor3,Seq2,TCTCGACGCAGGACTCG
Subtype2-Country2,Donor3,Seq3,TCTCGTCGCAAGACTCG