"","LTRgag-Forward","LTRgag-Probe_RevComp","LTRgag-Reverse_RevComp","TransF4-Forward","TransF4-Probe_RevComp","TransF4-Reverse_RevComp"
"SampleSize","29","75","217","44","42","38"
"Median HD(1st & 3rd Quantile) Full Length","1 (1 to 1)","0 (0 to 0)","1 (0.5 to 1)","0.25 (0 to 1.25)","2 (2 to 2)","1 (0 to 1)"
"Median HD(1st & 3rd Quantile)  5' Half","0 (0 to 0)","0 (0 to 0)","1 (0.5 to 1)","0 (0 to 0)","0 (0 to 0)","1 (0 to 1)"
"Median HD(1st & 3rd Quantile) 3' Half","1 (1 to 1)","0 (0 to 0)","0 (0 to 0)","0.25 (0 to 1)","2 (2 to 2)","0 (0 to 0)"
"Median HD(1st & 3rd Quantile) 2nts 3' terminal","0 (0 to 0)","0 (0 to 0)","0 (0 to 0)","0 (0 to 0)","0 (0 to 0)","0 (0 to 0)"
"PercentQualified.Definition.1","89.66%","100%","99.08%","77.27%","14.29%","100%"
"PercentQualified.Definition.2","89.66%","100%","99.08%","77.27%","14.29%","100%"
"PercentQualified.Definition.3","6.9%","97.33%","23.5%","50%","0%","28.95%"
