"","LTRgag-Forward","LTRgag-Probe_RevComp","LTRgag-Reverse_RevComp","TransF4-Forward","TransF4-Probe_RevComp","TransF4-Reverse_RevComp"
"SampleSize","558","637","2237","781","710","703"
"Median HD(1st & 3rd Quantile) Full Length","0 (0 to 0)","0 (0 to 0)","0 (0 to 0.5)","0 (0 to 0)","0 (0 to 0)","0 (0 to 0)"
"Median HD(1st & 3rd Quantile)  5' Half","0 (0 to 0)","0 (0 to 0)","0 (0 to 0.5)","0 (0 to 0)","0 (0 to 0)","0 (0 to 0)"
"Median HD(1st & 3rd Quantile) 3' Half","0 (0 to 0)","0 (0 to 0)","0 (0 to 0)","0 (0 to 0)","0 (0 to 0)","0 (0 to 0)"
"Median HD(1st & 3rd Quantile) 2nts 3' terminal","0 (0 to 0)","0 (0 to 0)","0 (0 to 0)","0 (0 to 0)","0 (0 to 0)","0 (0 to 0)"
"PercentQualified.Definition.1","99.1%","98.9%","99.91%","94.62%","96.62%","99.57%"
"PercentQualified.Definition.2","98.75%","98.9%","99.78%","94.37%","96.62%","98.72%"
"PercentQualified.Definition.3","91.94%","93.41%","72.11%","79%","88.03%","83.36%"
