"Target_Sequence","Sample_Size","Primer_Name","Primer_Target_Sequence","Representation_Percent","Full_HD","FivePrimeHalf_HD","ThreePrimeHalf_HD","Terminal2nt_HD","Definition.1_Qualified","Definition.2_Qualified","Definition.3_Qualified","population"
"TCTCGACGCAGGACTCG",1,"ExamplePrimer1","TCTCGACGCAGGACTCG",33.3333333333333,0,0,0,0,TRUE,TRUE,TRUE,"Subtype2-Country2"
"TCTCGWCGCARGACTCG",1,"ExamplePrimer1","TCTCGACGCAGGACTCG",33.3333333333333,1,0.5,0.5,0,TRUE,TRUE,FALSE,"Subtype2-Country2"
"TCTCRACGCAGGACTCG",1,"ExamplePrimer1","TCTCGACGCAGGACTCG",33.3333333333333,0.5,0.5,0,0,TRUE,TRUE,FALSE,"Subtype2-Country2"
"TCTCGACGCAGGACTCG",1,"ExamplePrimer2","TCTCGAGGGAGGACTCG",33.3333333333333,2,1,1,0,TRUE,TRUE,FALSE,"Subtype2-Country2"
"TCTCGWCGCARGACTCG",1,"ExamplePrimer2","TCTCGAGGGAGGACTCG",33.3333333333333,3,1.5,1.5,0,FALSE,FALSE,FALSE,"Subtype2-Country2"
"TCTCRACGCAGGACTCG",1,"ExamplePrimer2","TCTCGAGGGAGGACTCG",33.3333333333333,2.5,1.5,1,0,TRUE,TRUE,FALSE,"Subtype2-Country2"
