"Target_Sequence","Sample_Size","Primer_Name","Primer_Target_Sequence","Representation_Percent","Full_HD","FivePrimeHalf_HD","ThreePrimeHalf_HD","Terminal2nt_HD","Definition.1_Qualified","Definition.2_Qualified","Definition.3_Qualified","population"
"TCTCGACGCAGGACTC",2,"ExamplePrimer1","TCTCGACGCAGGACTCG",22.2222222222222,1,0,1,1,TRUE,FALSE,FALSE,"Subtype1-Country1"
"TCTCGACGCAGGACT",3,"ExamplePrimer1","TCTCGACGCAGGACTCG",33.3333333333333,2,0,2,1,FALSE,FALSE,FALSE,"Subtype1-Country1"
"TCTCGACGCAGGACTCG",4,"ExamplePrimer1","TCTCGACGCAGGACTCG",44.4444444444444,0,0,0,0,TRUE,TRUE,TRUE,"Subtype1-Country1"
"TCTCGACGCAGGACTCG",9,"ExamplePrimer2","TCTCGAGGGAGGACTCG",100,2,1,1,0,TRUE,TRUE,FALSE,"Subtype1-Country1"
