"Target_Sequence","Sample_Size","Primer_Name","Primer_Target_Sequence","Representation_Percent","Full_HD","FivePrimeHalf_HD","ThreePrimeHalf_HD","Terminal2nt_HD","Definition.1_Qualified","Definition.2_Qualified","Definition.3_Qualified","population"
"TCTCAACGCAGGACTCG",1,"ExamplePrimer1","TCTCGACGCAGGACTCG",11.1111111111111,1,1,0,0,TRUE,TRUE,FALSE,"Subtype2-Country2"
"TCTCGTCGCAAGACTCG",1,"ExamplePrimer1","TCTCGACGCAGGACTCG",11.1111111111111,2,1,1,0,TRUE,TRUE,FALSE,"Subtype2-Country2"
"TCTCGACGCAGGACTCG",7,"ExamplePrimer1","TCTCGACGCAGGACTCG",77.7777777777778,0,0,0,0,TRUE,TRUE,TRUE,"Subtype2-Country2"
"TCTCAACGCAGGACTCG",1,"ExamplePrimer2","TCTCGAGGGAGGACTCG",11.1111111111111,3,2,1,0,TRUE,TRUE,FALSE,"Subtype2-Country2"
"TCTCGTCGCAAGACTCG",1,"ExamplePrimer2","TCTCGAGGGAGGACTCG",11.1111111111111,4,2,2,0,FALSE,FALSE,FALSE,"Subtype2-Country2"
"TCTCGACGCAGGACTCG",7,"ExamplePrimer2","TCTCGAGGGAGGACTCG",77.7777777777778,2,1,1,0,TRUE,TRUE,FALSE,"Subtype2-Country2"
