"Target_Sequence","Sample_Size","Primer_Name","Primer_Target_Sequence","Representation_Percent","Full_HD","FivePrimeHalf_HD","ThreePrimeHalf_HD","Terminal2nt_HD","Definition.1_Qualified","Definition.2_Qualified","Definition.3_Qualified","population"
"TCTCGACGCAGTGACTCG",1,"LTRgag-Forward","TCTCGACGCAGGACTCG",0.675675675675676,2,0,2,0,FALSE,FALSE,FALSE,"AG-CM"
"TCTCGACGCGAGGACTCG",1,"LTRgag-Forward","TCTCGACGCAGGACTCG",0.675675675675676,2,0,2,0,FALSE,FALSE,FALSE,"AG-CM"
"TCTGGACGCAGGGACTGG",1,"LTRgag-Forward","TCTCGACGCAGGACTCG",0.675675675675676,3,1,2,0,FALSE,FALSE,FALSE,"AG-CM"
"TCTTGACGCACGGACTCG",1,"LTRgag-Forward","TCTCGACGCAGGACTCG",0.675675675675676,2,1,1,0,TRUE,TRUE,FALSE,"AG-CM"
"TCTTGAGGCAGGGACTCG",1,"LTRgag-Forward","TCTCGACGCAGGACTCG",0.675675675675676,3,2,1,0,TRUE,TRUE,FALSE,"AG-CM"
"TCTCGACGCAGAGACTCG",13,"LTRgag-Forward","TCTCGACGCAGGACTCG",8.78378378378378,2,0,2,0,FALSE,FALSE,FALSE,"AG-CM"
"TCTCGACGCAGGACTCG",36,"LTRgag-Forward","TCTCGACGCAGGACTCG",24.3243243243243,0,0,0,0,TRUE,TRUE,TRUE,"AG-CM"
"TCTCGACGCAGGGACTCG",42,"LTRgag-Forward","TCTCGACGCAGGACTCG",28.3783783783784,1,0,1,0,TRUE,TRUE,FALSE,"AG-CM"
"TCTCGACGCAAGGACTCG",45,"LTRgag-Forward","TCTCGACGCAGGACTCG",30.4054054054054,1,0,1,0,TRUE,TRUE,FALSE,"AG-CM"
"TCTCGACGCACGGACTCG",7,"LTRgag-Forward","TCTCGACGCAGGACTCG",4.72972972972973,1,0,1,0,TRUE,TRUE,FALSE,"AG-CM"
"GAGGCTAGAAGGAGAAAG",1,"LTRgag-Probe_RevComp","GAGGCTAGAAGGAGAGAG",0.518134715025907,1,0,1,0,TRUE,TRUE,FALSE,"AG-CM"
"GAGGCTAGAAGGGGAGAG",1,"LTRgag-Probe_RevComp","GAGGCTAGAAGGAGAGAG",0.518134715025907,1,0,1,0,TRUE,TRUE,FALSE,"AG-CM"
"GAGGCTAGAAGGAGAGAG",191,"LTRgag-Probe_RevComp","GAGGCTAGAAGGAGAGAG",98.9637305699482,0,0,0,0,TRUE,TRUE,TRUE,"AG-CM"
"GAGGCGAGAGCGTCAGTG",1,"LTRgag-Reverse_RevComp","GGTGCGAGAGCGTCAGTA",0.273224043715847,3,1,2,1,FALSE,FALSE,FALSE,"AG-CM"
"GATGCGAGAGCGTCAATA",1,"LTRgag-Reverse_RevComp","GGTGCGAGAGCGTCAGTA",0.273224043715847,2,1,1,1,TRUE,FALSE,FALSE,"AG-CM"
"GATGCGAGAGCGTCAGTA",1,"LTRgag-Reverse_RevComp","GGTGCGAGAGCGTCAGTA",0.273224043715847,1,0,1,1,TRUE,FALSE,FALSE,"AG-CM"
"GGAGCGAGAGCGTCGGTG",1,"LTRgag-Reverse_RevComp","GGTGCGAGAGCGTCAGTA",0.273224043715847,3,2,1,0,TRUE,TRUE,FALSE,"AG-CM"
"GGTGCAAAGAGCGTCAGTR",1,"LTRgag-Reverse_RevComp","GGTGCGAGAGCGTCAGTA",0.273224043715847,2.5,0.5,2,0,FALSE,FALSE,FALSE,"AG-CM"
"GGTGCGAGAGCGTCARTA",1,"LTRgag-Reverse_RevComp","GGTGCGAGAGCGTCAGTA",0.273224043715847,0.5,0.5,0,0,TRUE,TRUE,FALSE,"AG-CM"
"GGTGCGAGAGCGTCRGTA",1,"LTRgag-Reverse_RevComp","GGTGCGAGAGCGTCAGTA",0.273224043715847,0.5,0.5,0,0,TRUE,TRUE,FALSE,"AG-CM"
"GGTGCGAGAGCGTCRGTG",1,"LTRgag-Reverse_RevComp","GGTGCGAGAGCGTCAGTA",0.273224043715847,1.5,1.5,0,0,TRUE,TRUE,FALSE,"AG-CM"
"GGTGCGAGAGCGTCGGTA",17,"LTRgag-Reverse_RevComp","GGTGCGAGAGCGTCAGTA",4.6448087431694,1,1,0,0,TRUE,TRUE,FALSE,"AG-CM"
"GGTGCGAGAGCGTCGATA",2,"LTRgag-Reverse_RevComp","GGTGCGAGAGCGTCAGTA",0.546448087431694,2,2,0,0,TRUE,TRUE,FALSE,"AG-CM"
"GGTGCGAGAGCGTCGRTA",2,"LTRgag-Reverse_RevComp","GGTGCGAGAGCGTCAGTA",0.546448087431694,1.5,1.5,0,0,TRUE,TRUE,FALSE,"AG-CM"
"GGTGCGAGAGCGTCAGTG",210,"LTRgag-Reverse_RevComp","GGTGCGAGAGCGTCAGTA",57.3770491803279,1,1,0,0,TRUE,TRUE,FALSE,"AG-CM"
"GGTGCGAGAGCGTCGGTG",5,"LTRgag-Reverse_RevComp","GGTGCGAGAGCGTCAGTA",1.36612021857923,2,2,0,0,TRUE,TRUE,FALSE,"AG-CM"
"GGTGCGAGAGCGTCAATA",54,"LTRgag-Reverse_RevComp","GGTGCGAGAGCGTCAGTA",14.7540983606557,1,1,0,0,TRUE,TRUE,FALSE,"AG-CM"
"GGTGCGAGAGCGTCAGTA",68,"LTRgag-Reverse_RevComp","GGTGCGAGAGCGTCAGTA",18.5792349726776,0,0,0,0,TRUE,TRUE,TRUE,"AG-CM"
"AGGACTTTCTGCTGGG",1,"TransF4-Forward","GGGACTTTCCGCTGGG",2.12765957446809,2,1,1,0,TRUE,TRUE,FALSE,"AG-CM"
"GGAACTTCTGGG",1,"TransF4-Forward","GGGACTTTCCGCTGGG",2.12765957446809,5,2,3,0,FALSE,FALSE,FALSE,"AG-CM"
"GGGACTTTCCGCCAGG",1,"TransF4-Forward","GGGACTTTCCGCTGGG",2.12765957446809,2,0,2,0,FALSE,FALSE,FALSE,"AG-CM"
"GGGACTTTCCGCTAGG",1,"TransF4-Forward","GGGACTTTCCGCTGGG",2.12765957446809,1,0,1,0,TRUE,TRUE,FALSE,"AG-CM"
"GGGACTTTCCGTGCTGGG",1,"TransF4-Forward","GGGACTTTCCGCTGGG",2.12765957446809,2,0,2,0,FALSE,FALSE,FALSE,"AG-CM"
"GGGACTTTCTACTGGG",1,"TransF4-Forward","GGGACTTTCCGCTGGG",2.12765957446809,2,0,2,0,FALSE,FALSE,FALSE,"AG-CM"
"GGGACTTTCCGCGGGG",2,"TransF4-Forward","GGGACTTTCCGCTGGG",4.25531914893617,1,0,1,0,TRUE,TRUE,FALSE,"AG-CM"
"GGGACTTTCTGCTGGG",2,"TransF4-Forward","GGGACTTTCCGCTGGG",4.25531914893617,1,0,1,0,TRUE,TRUE,FALSE,"AG-CM"
"GGGACTTTCCGCTGGG",24,"TransF4-Forward","GGGACTTTCCGCTGGG",51.063829787234,0,0,0,0,TRUE,TRUE,TRUE,"AG-CM"
"GGGACTTTCCACCGGG",3,"TransF4-Forward","GGGACTTTCCGCTGGG",6.38297872340426,2,0,2,0,FALSE,FALSE,FALSE,"AG-CM"
"GGGACTTTCCGGGG",3,"TransF4-Forward","GGGACTTTCCGCTGGG",6.38297872340426,3,0,3,0,FALSE,FALSE,FALSE,"AG-CM"
"GGGACTTTCCACTGGG",7,"TransF4-Forward","GGGACTTTCCGCTGGG",14.8936170212766,1,0,1,0,TRUE,TRUE,FALSE,"AG-CM"
"GGAGTGGCTACCCCTCA",1,"TransF4-Probe_RevComp","GGAGTGGCGAGCCCTCA",2.27272727272727,2,0,2,0,FALSE,FALSE,FALSE,"AG-CM"
"GGGGTGGGAAGCCCTCA",1,"TransF4-Probe_RevComp","GGAGTGGCGAGCCCTCA",2.27272727272727,3,2,1,0,FALSE,FALSE,FALSE,"AG-CM"
"GGAGTGGCCAACCCTCA",2,"TransF4-Probe_RevComp","GGAGTGGCGAGCCCTCA",4.54545454545455,2,0,2,0,FALSE,FALSE,FALSE,"AG-CM"
"GGAGTGGCTAACCCTCA",34,"TransF4-Probe_RevComp","GGAGTGGCGAGCCCTCA",77.2727272727273,2,0,2,0,FALSE,FALSE,FALSE,"AG-CM"
"GGAGTGGCTAGCCCTCA",6,"TransF4-Probe_RevComp","GGAGTGGCGAGCCCTCA",13.6363636363636,1,0,1,0,TRUE,TRUE,FALSE,"AG-CM"
"CTGCATATAAGCAGTCGCT",1,"TransF4-Reverse_RevComp","CTGCATATAAGCAGCTGCT",2.56410256410256,2,2,0,0,TRUE,TRUE,FALSE,"AG-CM"
"CTGCATATAAGCAGCTGCT",11,"TransF4-Reverse_RevComp","CTGCATATAAGCAGCTGCT",28.2051282051282,0,0,0,0,TRUE,TRUE,TRUE,"AG-CM"
"CTGCATAAAAGCAGCCGCT",2,"TransF4-Reverse_RevComp","CTGCATATAAGCAGCTGCT",5.12820512820513,2,1,1,0,TRUE,TRUE,FALSE,"AG-CM"
"CTGTATATAAGCAGCCGCT",2,"TransF4-Reverse_RevComp","CTGCATATAAGCAGCTGCT",5.12820512820513,2,1,1,0,TRUE,TRUE,FALSE,"AG-CM"
"CTGCATATAAGCAGCCGCT",23,"TransF4-Reverse_RevComp","CTGCATATAAGCAGCTGCT",58.974358974359,1,1,0,0,TRUE,TRUE,FALSE,"AG-CM"
