"Target_Sequence","Sample_Size","Primer_Name","Primer_Target_Sequence","Representation_Percent","Full_HD","FivePrimeHalf_HD","ThreePrimeHalf_HD","Terminal2nt_HD","Definition.1_Qualified","Definition.2_Qualified","Definition.3_Qualified","population"
"CCAAATCGCAGGACTCG",1,"LTRgag-Forward","TCTCGACGCAGGACTCG",0.00595202666507946,5,5,0,0,FALSE,FALSE,FALSE,"B-US"
"CCTCAGAAGCAAGAGACG",1,"LTRgag-Forward","TCTCGACGCAGGACTCG",0.00595202666507946,6,3,3,0,FALSE,FALSE,FALSE,"B-US"
"CCTCAGAAGCAGGACCCG",1,"LTRgag-Forward","TCTCGACGCAGGACTCG",0.00595202666507946,4,3,1,0,TRUE,TRUE,FALSE,"B-US"
"CCTCGACGCAGGACCCG",1,"LTRgag-Forward","TCTCGACGCAGGACTCG",0.00595202666507946,2,1,1,0,TRUE,TRUE,FALSE,"B-US"
"GCCCGAACAGGACTCG",1,"LTRgag-Forward","TCTCGACGCAGGACTCG",0.00595202666507946,6,4,2,0,FALSE,FALSE,FALSE,"B-US"
"GCCCGAACAGGGACTTG",1,"LTRgag-Forward","TCTCGACGCAGGACTCG",0.00595202666507946,7,4,3,0,FALSE,FALSE,FALSE,"B-US"
"GCTCGACGCAGGACTCG",1,"LTRgag-Forward","TCTCGACGCAGGACTCG",0.00595202666507946,1,1,0,0,TRUE,TRUE,FALSE,"B-US"
"GCTTGACGCAGGACTCG",1,"LTRgag-Forward","TCTCGACGCAGGACTCG",0.00595202666507946,2,2,0,0,TRUE,TRUE,FALSE,"B-US"
"TATCGACGCAGGACTCG",1,"LTRgag-Forward","TCTCGACGCAGGACTCG",0.00595202666507946,1,1,0,0,TRUE,TRUE,FALSE,"B-US"
"TCCCGACGCAAGACTCG",1,"LTRgag-Forward","TCTCGACGCAGGACTCG",0.00595202666507946,2,1,1,0,TRUE,TRUE,FALSE,"B-US"
"TCCCGACGCAGGACTCA",1,"LTRgag-Forward","TCTCGACGCAGGACTCG",0.00595202666507946,2,1,1,1,TRUE,FALSE,FALSE,"B-US"
"TCGAACCGCAGGACTCG",1,"LTRgag-Forward","TCTCGACGCAGGACTCG",0.00595202666507946,4,4,0,0,FALSE,FALSE,FALSE,"B-US"
"TCGCGACGCAGGACTCG",1,"LTRgag-Forward","TCTCGACGCAGGACTCG",0.00595202666507946,1,1,0,0,TRUE,TRUE,FALSE,"B-US"
"TCTCGAACGAGGACTCG",1,"LTRgag-Forward","TCTCGACGCAGGACTCG",0.00595202666507946,3,2,1,0,TRUE,TRUE,FALSE,"B-US"
"TCTCGACGCAAGAGTCG",1,"LTRgag-Forward","TCTCGACGCAGGACTCG",0.00595202666507946,2,0,2,0,FALSE,FALSE,FALSE,"B-US"
"TCTCGACGCAGAACG",1,"LTRgag-Forward","TCTCGACGCAGGACTCG",0.00595202666507946,4,0,4,1,FALSE,FALSE,FALSE,"B-US"
"TCTCGACGCAGACCTGG",1,"LTRgag-Forward","TCTCGACGCAGGACTCG",0.00595202666507946,3,0,3,0,FALSE,FALSE,FALSE,"B-US"
"TCTCGACGCAGGACACG",1,"LTRgag-Forward","TCTCGACGCAGGACTCG",0.00595202666507946,1,0,1,0,TRUE,TRUE,FALSE,"B-US"
"TCTCGACGCAGGACGCC",1,"LTRgag-Forward","TCTCGACGCAGGACTCG",0.00595202666507946,2,0,2,1,FALSE,FALSE,FALSE,"B-US"
"TCTCGACGCAGGACTAG",1,"LTRgag-Forward","TCTCGACGCAGGACTCG",0.00595202666507946,1,0,1,0,TRUE,TRUE,FALSE,"B-US"
"TCTCGACGCAGGACTGA",1,"LTRgag-Forward","TCTCGACGCAGGACTCG",0.00595202666507946,2,0,2,1,FALSE,FALSE,FALSE,"B-US"
"TCTCGACGCAGGATTCG",1,"LTRgag-Forward","TCTCGACGCAGGACTCG",0.00595202666507946,1,0,1,0,TRUE,TRUE,FALSE,"B-US"
"TCTCGACGCAGGCCTCG",1,"LTRgag-Forward","TCTCGACGCAGGACTCG",0.00595202666507946,1,0,1,0,TRUE,TRUE,FALSE,"B-US"
"TCTCGACGCAGGTCTCG",1,"LTRgag-Forward","TCTCGACGCAGGACTCG",0.00595202666507946,1,0,1,0,TRUE,TRUE,FALSE,"B-US"
"TCTCGACGCTGACACT",1,"LTRgag-Forward","TCTCGACGCAGGACTCG",0.00595202666507946,4,0,4,1,FALSE,FALSE,FALSE,"B-US"
"TCTCGACGCTGGACTCG",1,"LTRgag-Forward","TCTCGACGCAGGACTCG",0.00595202666507946,1,0,1,0,TRUE,TRUE,FALSE,"B-US"
"TCTCGACGGAGGACTCG",1,"LTRgag-Forward","TCTCGACGCAGGACTCG",0.00595202666507946,1,0,1,0,TRUE,TRUE,FALSE,"B-US"
"TCTCGCCCCAGGGCTCG",1,"LTRgag-Forward","TCTCGACGCAGGACTCG",0.00595202666507946,3,2,1,0,TRUE,TRUE,FALSE,"B-US"
"TCTCGGCGCAGAACTCG",1,"LTRgag-Forward","TCTCGACGCAGGACTCG",0.00595202666507946,2,1,1,0,TRUE,TRUE,FALSE,"B-US"
"TCTCGGCGCAGGACTCA",1,"LTRgag-Forward","TCTCGACGCAGGACTCG",0.00595202666507946,2,1,1,1,TRUE,FALSE,FALSE,"B-US"
"TCTCGGCGCGGGACTCG",1,"LTRgag-Forward","TCTCGACGCAGGACTCG",0.00595202666507946,2,1,1,0,TRUE,TRUE,FALSE,"B-US"
"TCTCGTCGCAAGACTCG",1,"LTRgag-Forward","TCTCGACGCAGGACTCG",0.00595202666507946,2,1,1,0,TRUE,TRUE,FALSE,"B-US"
"TCTCTACAGTACTTG",1,"LTRgag-Forward","TCTCGACGCAGGACTCG",0.00595202666507946,6,4,2,0,FALSE,FALSE,FALSE,"B-US"
"TCTNGACGCAGGACTCG",1,"LTRgag-Forward","TCTCGACGCAGGACTCG",0.00595202666507946,0.75,0.75,0,0,TRUE,TRUE,FALSE,"B-US"
"TTTCGACGCAGGACTCG",1,"LTRgag-Forward","TCTCGACGCAGGACTCG",0.00595202666507946,1,1,0,0,TRUE,TRUE,FALSE,"B-US"
"GCTGACGCAGGACCCA",10,"LTRgag-Forward","TCTCGACGCAGGACTCG",0.0595202666507946,4,2,2,1,FALSE,FALSE,FALSE,"B-US"
"TCTCGACGCAGGGACTCG",11,"LTRgag-Forward","TCTCGACGCAGGACTCG",0.065472293315874,1,0,1,0,TRUE,TRUE,FALSE,"B-US"
"TCCCGACGCAGGACTCG",120,"LTRgag-Forward","TCTCGACGCAGGACTCG",0.714243199809535,1,1,0,0,TRUE,TRUE,FALSE,"B-US"
"TCTCGACGCAGGGCTCG",14,"LTRgag-Forward","TCTCGACGCAGGACTCG",0.0833283733111124,1,0,1,0,TRUE,TRUE,FALSE,"B-US"
"TCTCGACACAGGACTCG",143,"LTRgag-Forward","TCTCGACGCAGGACTCG",0.851139813106363,1,1,0,0,TRUE,TRUE,FALSE,"B-US"
"TCTCGACGCAGGACTCG",14925,"LTRgag-Forward","TCTCGACGCAGGACTCG",88.8339979763109,0,0,0,0,TRUE,TRUE,TRUE,"B-US"
"TCTCGACGCGAGGACTCG",167,"LTRgag-Forward","TCTCGACGCAGGACTCG",0.99398845306827,1,0,1,0,TRUE,TRUE,FALSE,"B-US"
"TCTCGACGCAGGACCCG",18,"LTRgag-Forward","TCTCGACGCAGGACTCG",0.10713647997143,1,0,1,0,TRUE,TRUE,FALSE,"B-US"
"TCCCAACGCAGGACTCG",2,"LTRgag-Forward","TCTCGACGCAGGACTCG",0.0119040533301589,2,2,0,0,TRUE,TRUE,FALSE,"B-US"
"TCTCAGAAACAGGAGTCA",2,"LTRgag-Forward","TCTCGACGCAGGACTCG",0.0119040533301589,5,3,2,1,FALSE,FALSE,FALSE,"B-US"
"TCTCAGAAGCAGGAGCCA",2,"LTRgag-Forward","TCTCGACGCAGGACTCG",0.0119040533301589,5,2,3,1,FALSE,FALSE,FALSE,"B-US"
"TCTCGACGCAGGACGCT",2,"LTRgag-Forward","TCTCGACGCAGGACTCG",0.0119040533301589,2,0,2,1,FALSE,FALSE,FALSE,"B-US"
"TCTCGACGCAGGACTGG",2,"LTRgag-Forward","TCTCGACGCAGGACTCG",0.0119040533301589,1,0,1,0,TRUE,TRUE,FALSE,"B-US"
"TCTCGACGCAGGACTTG",2,"LTRgag-Forward","TCTCGACGCAGGACTCG",0.0119040533301589,1,0,1,0,TRUE,TRUE,FALSE,"B-US"
"TCTCGGCGCAGGGCTCG",2,"LTRgag-Forward","TCTCGACGCAGGACTCG",0.0119040533301589,2,1,1,0,TRUE,TRUE,FALSE,"B-US"
"TCTTGGCGCAGGACTCG",2,"LTRgag-Forward","TCTCGACGCAGGACTCG",0.0119040533301589,2,2,0,0,TRUE,TRUE,FALSE,"B-US"
"TCTTGACACAAGGACTCG",26,"LTRgag-Forward","TCTCGACGCAGGACTCG",0.154752693292066,3,2,1,0,TRUE,TRUE,FALSE,"B-US"
"ACTCGACGCAGGACTCG",3,"LTRgag-Forward","TCTCGACGCAGGACTCG",0.0178560799952384,1,1,0,0,TRUE,TRUE,FALSE,"B-US"
"TCCTGACGCAGGACTCG",3,"LTRgag-Forward","TCTCGACGCAGGACTCG",0.0178560799952384,2,2,0,0,TRUE,TRUE,FALSE,"B-US"
"TCTCGACGCAGAACTCG",3,"LTRgag-Forward","TCTCGACGCAGGACTCG",0.0178560799952384,1,0,1,0,TRUE,TRUE,FALSE,"B-US"
"TCTCGACGTAGGACTCG",3,"LTRgag-Forward","TCTCGACGCAGGACTCG",0.0178560799952384,1,0,1,0,TRUE,TRUE,FALSE,"B-US"
"TCTYGACGCAGGACTCG",3,"LTRgag-Forward","TCTCGACGCAGGACTCG",0.0178560799952384,0.5,0.5,0,0,TRUE,TRUE,FALSE,"B-US"
"TCTCGACGCGGGACTCG",34,"LTRgag-Forward","TCTCGACGCAGGACTCG",0.202368906612702,1,0,1,0,TRUE,TRUE,FALSE,"B-US"
"CCTCGACGCAGGACTCG",4,"LTRgag-Forward","TCTCGACGCAGGACTCG",0.0238081066603178,1,1,0,0,TRUE,TRUE,FALSE,"B-US"
"TCTCGAAGCAGGACTCG",4,"LTRgag-Forward","TCTCGACGCAGGACTCG",0.0238081066603178,1,1,0,0,TRUE,TRUE,FALSE,"B-US"
"TCTCGACGCAAGACTCG",4,"LTRgag-Forward","TCTCGACGCAGGACTCG",0.0238081066603178,1,0,1,0,TRUE,TRUE,FALSE,"B-US"
"TCTCGACGCAAGGACTCG",45,"LTRgag-Forward","TCTCGACGCAGGACTCG",0.267841199928576,1,0,1,0,TRUE,TRUE,FALSE,"B-US"
"TCTCAACGCAGGACTCG",5,"LTRgag-Forward","TCTCGACGCAGGACTCG",0.0297601333253973,1,1,0,0,TRUE,TRUE,FALSE,"B-US"
"TCTCGACGCAGGACGCG",5,"LTRgag-Forward","TCTCGACGCAGGACTCG",0.0297601333253973,1,0,1,0,TRUE,TRUE,FALSE,"B-US"
"TCTCGATGCAGGACTCG",5,"LTRgag-Forward","TCTCGACGCAGGACTCG",0.0297601333253973,1,1,0,0,TRUE,TRUE,FALSE,"B-US"
"TCTTGACGCAGGACTCG",571,"LTRgag-Forward","TCTCGACGCAGGACTCG",3.39860722576037,1,1,0,0,TRUE,TRUE,FALSE,"B-US"
"TCTCGGCGCAGGACTCG",608,"LTRgag-Forward","TCTCGACGCAGGACTCG",3.61883221236831,1,1,0,0,TRUE,TRUE,FALSE,"B-US"
"TCTCGACGCAGGACTCA",7,"LTRgag-Forward","TCTCGACGCAGGACTCG",0.0416641866555562,1,0,1,1,TRUE,FALSE,FALSE,"B-US"
"TCTTGACACAGGACTCG",9,"LTRgag-Forward","TCTCGACGCAGGACTCG",0.0535682399857151,2,2,0,0,TRUE,TRUE,FALSE,"B-US"
"AAGGCCAGGGGGAAAGAC",1,"LTRgag-Probe_RevComp","GAGGCTAGAAGGAGAGAG",0.00551450314326679,6,3,3,1,FALSE,FALSE,FALSE,"B-US"
"AAGGCTAAAAGAAAAGAG",1,"LTRgag-Probe_RevComp","GAGGCTAGAAGGAGAGAG",0.00551450314326679,4,2,2,0,FALSE,FALSE,FALSE,"B-US"
"AAGGCTAGAAGGAAAGAG",1,"LTRgag-Probe_RevComp","GAGGCTAGAAGGAGAGAG",0.00551450314326679,2,1,1,0,FALSE,FALSE,FALSE,"B-US"
"AAGGCTAGAAGGAGAGCG",1,"LTRgag-Probe_RevComp","GAGGCTAGAAGGAGAGAG",0.00551450314326679,2,1,1,0,FALSE,FALSE,FALSE,"B-US"
"ACAGCAAGAAGGAGAGAG",1,"LTRgag-Probe_RevComp","GAGGCTAGAAGGAGAGAG",0.00551450314326679,4,4,0,0,FALSE,FALSE,FALSE,"B-US"
"ACGCCAAGAAGGAGAGAG",1,"LTRgag-Probe_RevComp","GAGGCTAGAAGGAGAGAG",0.00551450314326679,4,4,0,0,FALSE,FALSE,FALSE,"B-US"
"CAGGACTAGAAGGAGAGAG",1,"LTRgag-Probe_RevComp","GAGGCTAGAAGGAGAGAG",0.00551450314326679,2,2,0,0,FALSE,FALSE,FALSE,"B-US"
"CAGGACTCGAAGGAGAGAG",1,"LTRgag-Probe_RevComp","GAGGCTAGAAGGAGAGAG",0.00551450314326679,3,3,0,0,FALSE,FALSE,FALSE,"B-US"
"CAGGCTAGAAGGAGAGAG",1,"LTRgag-Probe_RevComp","GAGGCTAGAAGGAGAGAG",0.00551450314326679,1,1,0,0,TRUE,TRUE,FALSE,"B-US"
"CAGTCTAGCAGAAGAAGAG",1,"LTRgag-Probe_RevComp","GAGGCTAGAAGGAGAGAG",0.00551450314326679,6,3,3,0,FALSE,FALSE,FALSE,"B-US"
"CTGGCTAGAAGCACAAGAG",1,"LTRgag-Probe_RevComp","GAGGCTAGAAGGAGAGAG",0.00551450314326679,5,2,3,0,FALSE,FALSE,FALSE,"B-US"
"GAACGGTGAAGGAGAGAG",1,"LTRgag-Probe_RevComp","GAGGCTAGAAGGAGAGAG",0.00551450314326679,5,5,0,0,FALSE,FALSE,FALSE,"B-US"
"GAAGCGCGCAAGGAGAGAG",1,"LTRgag-Probe_RevComp","GAGGCTAGAAGGAGAGAG",0.00551450314326679,4,4,0,0,FALSE,FALSE,FALSE,"B-US"
"GAAGCTAGAAGGGGAGAG",1,"LTRgag-Probe_RevComp","GAGGCTAGAAGGAGAGAG",0.00551450314326679,2,1,1,0,FALSE,FALSE,FALSE,"B-US"
"GACTGTAGAAGGAGAGAG",1,"LTRgag-Probe_RevComp","GAGGCTAGAAGGAGAGAG",0.00551450314326679,3,3,0,0,FALSE,FALSE,FALSE,"B-US"
"GAGCTCTCTAAGGAGAGAG",1,"LTRgag-Probe_RevComp","GAGGCTAGAAGGAGAGAG",0.00551450314326679,6,6,0,0,FALSE,FALSE,FALSE,"B-US"
"GAGGAGAAGGAGATAT",1,"LTRgag-Probe_RevComp","GAGGCTAGAAGGAGAGAG",0.00551450314326679,4,2,2,1,FALSE,FALSE,FALSE,"B-US"
"GAGGCAAGAAGGAGAGAG",1,"LTRgag-Probe_RevComp","GAGGCTAGAAGGAGAGAG",0.00551450314326679,1,1,0,0,TRUE,TRUE,FALSE,"B-US"
"GAGGCCAATGAAGGAGAAAG",1,"LTRgag-Probe_RevComp","GAGGCTAGAAGGAGAGAG",0.00551450314326679,4,3,1,0,FALSE,FALSE,FALSE,"B-US"
"GAGGCCACTACAGGAGAG",1,"LTRgag-Probe_RevComp","GAGGCTAGAAGGAGAGAG",0.00551450314326679,7,5,2,1,FALSE,FALSE,FALSE,"B-US"
"GAGGCGAGAAGGAGAGAG",1,"LTRgag-Probe_RevComp","GAGGCTAGAAGGAGAGAG",0.00551450314326679,1,1,0,0,TRUE,TRUE,FALSE,"B-US"
"GAGGCGAGGGAAGGAGAGAG",1,"LTRgag-Probe_RevComp","GAGGCTAGAAGGAGAGAG",0.00551450314326679,3,3,0,0,FALSE,FALSE,FALSE,"B-US"
"GAGGCGAGGGAGAGAG",1,"LTRgag-Probe_RevComp","GAGGCTAGAAGGAGAGAG",0.00551450314326679,4,3,1,0,FALSE,FALSE,FALSE,"B-US"
"GAGGCGAGGGGCGGCGAC",1,"LTRgag-Probe_RevComp","GAGGCTAGAAGGAGAGAG",0.00551450314326679,7,2,5,1,FALSE,FALSE,FALSE,"B-US"
"GAGGCGAGGGGTTGAGAG",1,"LTRgag-Probe_RevComp","GAGGCTAGAAGGAGAGAG",0.00551450314326679,5,2,3,0,FALSE,FALSE,FALSE,"B-US"
"GAGGCTAAAAAGAGAGAG",1,"LTRgag-Probe_RevComp","GAGGCTAGAAGGAGAGAG",0.00551450314326679,2,1,1,0,FALSE,FALSE,FALSE,"B-US"
"GAGGCTAAAAGGAGAGTG",1,"LTRgag-Probe_RevComp","GAGGCTAGAAGGAGAGAG",0.00551450314326679,2,1,1,0,FALSE,FALSE,FALSE,"B-US"
"GAGGCTAAAAGGGGAGAG",1,"LTRgag-Probe_RevComp","GAGGCTAGAAGGAGAGAG",0.00551450314326679,2,1,1,0,FALSE,FALSE,FALSE,"B-US"
"GAGGCTAGAAAAAGAGAA",1,"LTRgag-Probe_RevComp","GAGGCTAGAAGGAGAGAG",0.00551450314326679,3,0,3,1,FALSE,FALSE,FALSE,"B-US"
"GAGGCTAGAAAGAGAG",1,"LTRgag-Probe_RevComp","GAGGCTAGAAGGAGAGAG",0.00551450314326679,5,2,3,0,FALSE,FALSE,FALSE,"B-US"
"GAGGCTAGAAAGGAGAGAG",1,"LTRgag-Probe_RevComp","GAGGCTAGAAGGAGAGAG",0.00551450314326679,1,1,0,0,TRUE,TRUE,FALSE,"B-US"
"GAGGCTAGAACGAGAGAT",1,"LTRgag-Probe_RevComp","GAGGCTAGAAGGAGAGAG",0.00551450314326679,2,0,2,1,FALSE,FALSE,FALSE,"B-US"
"GAGGCTAGAAGAAGAAAG",1,"LTRgag-Probe_RevComp","GAGGCTAGAAGGAGAGAG",0.00551450314326679,2,0,2,0,FALSE,FALSE,FALSE,"B-US"
"GAGGCTAGAAGGAAAAAG",1,"LTRgag-Probe_RevComp","GAGGCTAGAAGGAGAGAG",0.00551450314326679,2,0,2,0,FALSE,FALSE,FALSE,"B-US"
"GAGGCTAGAAGGAGAGAR",1,"LTRgag-Probe_RevComp","GAGGCTAGAAGGAGAGAG",0.00551450314326679,0.5,0,0.5,0.5,TRUE,TRUE,FALSE,"B-US"
"GAGGCTAGAAGGAGAGGC",1,"LTRgag-Probe_RevComp","GAGGCTAGAAGGAGAGAG",0.00551450314326679,2,0,2,1,FALSE,FALSE,FALSE,"B-US"
"GAGGCTAGAAGGAGRGAG",1,"LTRgag-Probe_RevComp","GAGGCTAGAAGGAGAGAG",0.00551450314326679,0.5,0,0.5,0,TRUE,TRUE,FALSE,"B-US"
"GAGGCTAGAAGGCCAGAC",1,"LTRgag-Probe_RevComp","GAGGCTAGAAGGAGAGAG",0.00551450314326679,3,0,3,1,FALSE,FALSE,FALSE,"B-US"
"GAGGCTAGAAGGGAAGAG",1,"LTRgag-Probe_RevComp","GAGGCTAGAAGGAGAGAG",0.00551450314326679,2,0,2,0,FALSE,FALSE,FALSE,"B-US"
"GAGGCTAGAAGGGGAAAG",1,"LTRgag-Probe_RevComp","GAGGCTAGAAGGAGAGAG",0.00551450314326679,2,0,2,0,FALSE,FALSE,FALSE,"B-US"
"GAGGCTAGAAGGTGAGAG",1,"LTRgag-Probe_RevComp","GAGGCTAGAAGGAGAGAG",0.00551450314326679,1,0,1,0,TRUE,TRUE,FALSE,"B-US"
"GAGGCTAGAGGGGGGGGG",1,"LTRgag-Probe_RevComp","GAGGCTAGAAGGAGAGAG",0.00551450314326679,4,0,4,0,FALSE,FALSE,FALSE,"B-US"
"GAGGCTAGGAGAAGAGAG",1,"LTRgag-Probe_RevComp","GAGGCTAGAAGGAGAGAG",0.00551450314326679,2,1,1,0,FALSE,FALSE,FALSE,"B-US"
"GAGGCTAGGAGGAGAGGG",1,"LTRgag-Probe_RevComp","GAGGCTAGAAGGAGAGAG",0.00551450314326679,2,1,1,0,FALSE,FALSE,FALSE,"B-US"
"GAGGCTAGGAGGAGRGAG",1,"LTRgag-Probe_RevComp","GAGGCTAGAAGGAGAGAG",0.00551450314326679,1.5,1,0.5,0,FALSE,FALSE,FALSE,"B-US"
"GAGGCTAGGAGGAGTGAG",1,"LTRgag-Probe_RevComp","GAGGCTAGAAGGAGAGAG",0.00551450314326679,2,1,1,0,FALSE,FALSE,FALSE,"B-US"
"GAGGCTAGGGTGGGAG",1,"LTRgag-Probe_RevComp","GAGGCTAGAAGGAGAGAG",0.00551450314326679,5,2,3,0,FALSE,FALSE,FALSE,"B-US"
"GAGGCTAGTAGGAGAGAG",1,"LTRgag-Probe_RevComp","GAGGCTAGAAGGAGAGAG",0.00551450314326679,1,1,0,0,TRUE,TRUE,FALSE,"B-US"
"GAGGCTGAGRAGGAGAGAG",1,"LTRgag-Probe_RevComp","GAGGCTAGAAGGAGAGAG",0.00551450314326679,1.5,1.5,0,0,FALSE,FALSE,FALSE,"B-US"
"GAGGCTTGAAGGAGAGAG",1,"LTRgag-Probe_RevComp","GAGGCTAGAAGGAGAGAG",0.00551450314326679,1,1,0,0,TRUE,TRUE,FALSE,"B-US"
"GAGGTTAGAAGAAGAGAG",1,"LTRgag-Probe_RevComp","GAGGCTAGAAGGAGAGAG",0.00551450314326679,2,1,1,0,FALSE,FALSE,FALSE,"B-US"
"GCGACTAGAAGGAGAGAG",1,"LTRgag-Probe_RevComp","GAGGCTAGAAGGAGAGAG",0.00551450314326679,2,2,0,0,FALSE,FALSE,FALSE,"B-US"
"GCGACTGGCAAGGAGAGAG",1,"LTRgag-Probe_RevComp","GAGGCTAGAAGGAGAGAG",0.00551450314326679,4,4,0,0,FALSE,FALSE,FALSE,"B-US"
"GCGGCAAAGGAGAGAG",1,"LTRgag-Probe_RevComp","GAGGCTAGAAGGAGAGAG",0.00551450314326679,4,4,0,0,FALSE,FALSE,FALSE,"B-US"
"GCGGCCTAGAAGGAGAGAG",1,"LTRgag-Probe_RevComp","GAGGCTAGAAGGAGAGAG",0.00551450314326679,2,2,0,0,FALSE,FALSE,FALSE,"B-US"
"GGAGCTAGAAGGAGAGAG",1,"LTRgag-Probe_RevComp","GAGGCTAGAAGGAGAGAG",0.00551450314326679,2,2,0,0,FALSE,FALSE,FALSE,"B-US"
"RAGGCTAGAAGGAGAGAG",1,"LTRgag-Probe_RevComp","GAGGCTAGAAGGAGAGAG",0.00551450314326679,0.5,0.5,0,0,TRUE,TRUE,FALSE,"B-US"
"TAGGCTAGAAGGAGAGAG",1,"LTRgag-Probe_RevComp","GAGGCTAGAAGGAGAGAG",0.00551450314326679,1,1,0,0,TRUE,TRUE,FALSE,"B-US"
"TCGGCAGAAGGAGAGAG",1,"LTRgag-Probe_RevComp","GAGGCTAGAAGGAGAGAG",0.00551450314326679,4,4,0,0,FALSE,FALSE,FALSE,"B-US"
"GAGGCTAGAAGAGGAGAG",10,"LTRgag-Probe_RevComp","GAGGCTAGAAGGAGAGAG",0.0551450314326679,2,0,2,0,FALSE,FALSE,FALSE,"B-US"
"GAGGCTGGAAGGAGAGAG",10,"LTRgag-Probe_RevComp","GAGGCTAGAAGGAGAGAG",0.0551450314326679,1,1,0,0,TRUE,TRUE,FALSE,"B-US"
"GGTGCTAGAAGGAGAGAG",10,"LTRgag-Probe_RevComp","GAGGCTAGAAGGAGAGAG",0.0551450314326679,2,2,0,0,FALSE,FALSE,FALSE,"B-US"
"GAGGTTAGAAGGAGAGAG",11,"LTRgag-Probe_RevComp","GAGGCTAGAAGGAGAGAG",0.0606595345759347,1,1,0,0,TRUE,TRUE,FALSE,"B-US"
"GAGGCCAATGAAGGAGAGAA",12,"LTRgag-Probe_RevComp","GAGGCTAGAAGGAGAGAG",0.0661740377192015,4,3,1,1,FALSE,FALSE,FALSE,"B-US"
"GAGGCTAGAAAGAGAGAG",13,"LTRgag-Probe_RevComp","GAGGCTAGAAGGAGAGAG",0.0716885408624683,1,0,1,0,TRUE,TRUE,FALSE,"B-US"
"GAGGATAGATGGAACGAG",14,"LTRgag-Probe_RevComp","GAGGCTAGAAGGAGAGAG",0.0772030440057351,4,1,3,0,FALSE,FALSE,FALSE,"B-US"
"GAGGCTAAAAGGAGAGAG",14,"LTRgag-Probe_RevComp","GAGGCTAGAAGGAGAGAG",0.0772030440057351,1,1,0,0,TRUE,TRUE,FALSE,"B-US"
"GAGGCTAGGAGGAGAGAG",140,"LTRgag-Probe_RevComp","GAGGCTAGAAGGAGAGAG",0.772030440057351,1,1,0,0,TRUE,TRUE,FALSE,"B-US"
"GCGGCTAGAAGGAGAGAG",16,"LTRgag-Probe_RevComp","GAGGCTAGAAGGAGAGAG",0.0882320502922687,1,1,0,0,TRUE,TRUE,FALSE,"B-US"
"GAGGCTAGAAGGAGAGAG",16894,"LTRgag-Probe_RevComp","GAGGCTAGAAGGAGAGAG",93.1620161023492,0,0,0,0,TRUE,TRUE,TRUE,"B-US"
"GAGGACACAGAGAGAGAG",18,"LTRgag-Probe_RevComp","GAGGCTAGAAGGAGAGAG",0.0992610565788022,5,3,2,0,FALSE,FALSE,FALSE,"B-US"
"GAGGCTAGAAGGAGAGGG",18,"LTRgag-Probe_RevComp","GAGGCTAGAAGGAGAGAG",0.0992610565788022,1,0,1,0,TRUE,TRUE,FALSE,"B-US"
"GAAGCTAGAAGGAGAGAG",19,"LTRgag-Probe_RevComp","GAGGCTAGAAGGAGAGAG",0.104775559722069,1,1,0,0,TRUE,TRUE,FALSE,"B-US"
"GAGGCCACTGAAGGAGAGAA",19,"LTRgag-Probe_RevComp","GAGGCTAGAAGGAGAGAG",0.104775559722069,4,3,1,1,FALSE,FALSE,FALSE,"B-US"
"ACGGCAAGAAGGAGAGAG",2,"LTRgag-Probe_RevComp","GAGGCTAGAAGGAGAGAG",0.0110290062865336,3,3,0,0,FALSE,FALSE,FALSE,"B-US"
"GAAGGTGGAGAGAGAG",2,"LTRgag-Probe_RevComp","GAGGCTAGAAGGAGAGAG",0.0110290062865336,8,6,2,0,FALSE,FALSE,FALSE,"B-US"
"GACGCTAGAAGGAGAGAG",2,"LTRgag-Probe_RevComp","GAGGCTAGAAGGAGAGAG",0.0110290062865336,1,1,0,0,TRUE,TRUE,FALSE,"B-US"
"GAGACTAAAGGAGAGAT",2,"LTRgag-Probe_RevComp","GAGGCTAGAAGGAGAGAG",0.0110290062865336,3,2,1,1,FALSE,FALSE,FALSE,"B-US"
"GAGGCTAGAAGGAGAAAA",2,"LTRgag-Probe_RevComp","GAGGCTAGAAGGAGAGAG",0.0110290062865336,2,0,2,1,FALSE,FALSE,FALSE,"B-US"
"GAGGCTAGAAGGAGAGAC",2,"LTRgag-Probe_RevComp","GAGGCTAGAAGGAGAGAG",0.0110290062865336,1,0,1,1,TRUE,TRUE,FALSE,"B-US"
"GAGGCTAGCAGGAGAGAG",2,"LTRgag-Probe_RevComp","GAGGCTAGAAGGAGAGAG",0.0110290062865336,1,1,0,0,TRUE,TRUE,FALSE,"B-US"
"GAGGGGCGAAGGAGAGAG",2,"LTRgag-Probe_RevComp","GAGGCTAGAAGGAGAGAG",0.0110290062865336,3,3,0,0,FALSE,FALSE,FALSE,"B-US"
"TAGTCTAGAAGGAGAGAG",2,"LTRgag-Probe_RevComp","GAGGCTAGAAGGAGAGAG",0.0110290062865336,2,2,0,0,FALSE,FALSE,FALSE,"B-US"
"GAGGCTAGAAGGAAAGAG",20,"LTRgag-Probe_RevComp","GAGGCTAGAAGGAGAGAG",0.110290062865336,1,0,1,0,TRUE,TRUE,FALSE,"B-US"
"GAGGCTAGAAGGAGAGTG",20,"LTRgag-Probe_RevComp","GAGGCTAGAAGGAGAGAG",0.110290062865336,1,0,1,0,TRUE,TRUE,FALSE,"B-US"
"AAGGCTAGAAGGAGAGAG",213,"LTRgag-Probe_RevComp","GAGGCTAGAAGGAGAGAG",1.17458916951583,1,1,0,0,TRUE,TRUE,FALSE,"B-US"
"GTGGCTAGAAGAGAGAG",26,"LTRgag-Probe_RevComp","GAGGCTAGAAGGAGAGAG",0.143377081724937,4,3,1,0,FALSE,FALSE,FALSE,"B-US"
"GAGGCTAGAAGGGGAGAG",263,"LTRgag-Probe_RevComp","GAGGCTAGAAGGAGAGAG",1.45031432667917,1,0,1,0,TRUE,TRUE,FALSE,"B-US"
"GAGGCTAGAAGGAGAAAG",28,"LTRgag-Probe_RevComp","GAGGCTAGAAGGAGAGAG",0.15440608801147,1,0,1,0,TRUE,TRUE,FALSE,"B-US"
"CTGGCTAGAAGGAGAGAG",3,"LTRgag-Probe_RevComp","GAGGCTAGAAGGAGAGAG",0.0165435094298004,2,2,0,0,FALSE,FALSE,FALSE,"B-US"
"GAGGCTAGAAAGGGAGAG",3,"LTRgag-Probe_RevComp","GAGGCTAGAAGGAGAGAG",0.0165435094298004,2,0,2,0,FALSE,FALSE,FALSE,"B-US"
"GAGGCTAGAAGAAGAGAA",3,"LTRgag-Probe_RevComp","GAGGCTAGAAGGAGAGAG",0.0165435094298004,2,0,2,1,FALSE,FALSE,FALSE,"B-US"
"GAGGCTAGAAGGAGAGAA",3,"LTRgag-Probe_RevComp","GAGGCTAGAAGGAGAGAG",0.0165435094298004,1,0,1,1,TRUE,TRUE,FALSE,"B-US"
"GAGGCTAGACGGAGAGAG",3,"LTRgag-Probe_RevComp","GAGGCTAGAAGGAGAGAG",0.0165435094298004,1,0,1,0,TRUE,TRUE,FALSE,"B-US"
"GAGGCTAGAGGGAGAGAG",3,"LTRgag-Probe_RevComp","GAGGCTAGAAGGAGAGAG",0.0165435094298004,1,0,1,0,TRUE,TRUE,FALSE,"B-US"
"GAGGCTAGGAGGAGAGCG",3,"LTRgag-Probe_RevComp","GAGGCTAGAAGGAGAGAG",0.0165435094298004,2,1,1,0,FALSE,FALSE,FALSE,"B-US"
"GAGGCTATAAGGAGAGAG",3,"LTRgag-Probe_RevComp","GAGGCTAGAAGGAGAGAG",0.0165435094298004,1,1,0,0,TRUE,TRUE,FALSE,"B-US"
"GAGGTTACTGAAGGAGAGAA",3,"LTRgag-Probe_RevComp","GAGGCTAGAAGGAGAGAG",0.0165435094298004,4,3,1,1,FALSE,FALSE,FALSE,"B-US"
"GCGGCGACTAGGAGAGAG",3,"LTRgag-Probe_RevComp","GAGGCTAGAAGGAGAGAG",0.0165435094298004,4,4,0,0,FALSE,FALSE,FALSE,"B-US"
"GGCGCTAGAAGGAGAGAG",3,"LTRgag-Probe_RevComp","GAGGCTAGAAGGAGAGAG",0.0165435094298004,2,2,0,0,FALSE,FALSE,FALSE,"B-US"
"GTGGCTAGAAGGAGAGAG",32,"LTRgag-Probe_RevComp","GAGGCTAGAAGGAGAGAG",0.176464100584537,1,1,0,0,TRUE,TRUE,FALSE,"B-US"
"GGGGCTAGAAGGAGAGAG",36,"LTRgag-Probe_RevComp","GAGGCTAGAAGGAGAGAG",0.198522113157604,1,1,0,0,TRUE,TRUE,FALSE,"B-US"
"GAGGATAGATGGAACAAG",38,"LTRgag-Probe_RevComp","GAGGCTAGAAGGAGAGAG",0.209551119444138,5,1,4,0,FALSE,FALSE,FALSE,"B-US"
"GAGGCCAGAAGGAGAGAG",4,"LTRgag-Probe_RevComp","GAGGCTAGAAGGAGAGAG",0.0220580125730672,1,1,0,0,TRUE,TRUE,FALSE,"B-US"
"GAGGCCAGTGTAGGAGAGAA",4,"LTRgag-Probe_RevComp","GAGGCTAGAAGGAGAGAG",0.0220580125730672,5,4,1,1,FALSE,FALSE,FALSE,"B-US"
"GAGGGTAGAAGGAGAGAG",4,"LTRgag-Probe_RevComp","GAGGCTAGAAGGAGAGAG",0.0220580125730672,1,1,0,0,TRUE,TRUE,FALSE,"B-US"
"GGGGCTAGAAGGGGAGAG",4,"LTRgag-Probe_RevComp","GAGGCTAGAAGGAGAGAG",0.0220580125730672,2,1,1,0,FALSE,FALSE,FALSE,"B-US"
"GAGGCTAGAAAAGGAGAG",5,"LTRgag-Probe_RevComp","GAGGCTAGAAGGAGAGAG",0.027572515716334,3,0,3,0,FALSE,FALSE,FALSE,"B-US"
"GAGGCTAGAAGAGAGAG",5,"LTRgag-Probe_RevComp","GAGGCTAGAAGGAGAGAG",0.027572515716334,3,2,1,0,FALSE,FALSE,FALSE,"B-US"
"GAGGCTAGAAGGAGAGAT",5,"LTRgag-Probe_RevComp","GAGGCTAGAAGGAGAGAG",0.027572515716334,1,0,1,1,TRUE,TRUE,FALSE,"B-US"
"GAGACTAGAAGGAGAGAG",7,"LTRgag-Probe_RevComp","GAGGCTAGAAGGAGAGAG",0.0386015220028675,1,1,0,0,TRUE,TRUE,FALSE,"B-US"
"GAGGCTAGAAGGAGAGCG",74,"LTRgag-Probe_RevComp","GAGGCTAGAAGGAGAGAG",0.408073232601743,1,0,1,0,TRUE,TRUE,FALSE,"B-US"
"GAGGCTAGAAGAAGAGAG",9,"LTRgag-Probe_RevComp","GAGGCTAGAAGGAGAGAG",0.0496305282894011,1,0,1,0,TRUE,TRUE,FALSE,"B-US"
"GAGGCTAGAAGGAGGGAG",9,"LTRgag-Probe_RevComp","GAGGCTAGAAGGAGAGAG",0.0496305282894011,1,0,1,0,TRUE,TRUE,FALSE,"B-US"
"AGTGCAAGAGCGTCAGTA",1,"LTRgag-Reverse_RevComp","GGTGCGAGAGCGTCAGTA",0.00384201629014907,2,0,2,1,FALSE,FALSE,FALSE,"B-US"
"AGTGGGAGTTTGTCAATA",1,"LTRgag-Reverse_RevComp","GGTGCGAGAGCGTCAGTA",0.00384201629014907,6,3,3,1,FALSE,FALSE,FALSE,"B-US"
"AGTGGGAGTTTGTCAGTA",1,"LTRgag-Reverse_RevComp","GGTGCGAGAGCGTCAGTA",0.00384201629014907,5,2,3,1,FALSE,FALSE,FALSE,"B-US"
"CGTGCGAGAGCGTCAATA",1,"LTRgag-Reverse_RevComp","GGTGCGAGAGCGTCAGTA",0.00384201629014907,2,1,1,1,TRUE,FALSE,FALSE,"B-US"
"CGTGCGAGAGCGTCGGTA",1,"LTRgag-Reverse_RevComp","GGTGCGAGAGCGTCAGTA",0.00384201629014907,2,1,1,1,TRUE,FALSE,FALSE,"B-US"
"GATGCGAGAGCGTCAGTA",1,"LTRgag-Reverse_RevComp","GGTGCGAGAGCGTCAGTA",0.00384201629014907,1,0,1,1,TRUE,FALSE,FALSE,"B-US"
"GATGCGAGAGCGTCGGTA",1,"LTRgag-Reverse_RevComp","GGTGCGAGAGCGTCAGTA",0.00384201629014907,2,1,1,1,TRUE,FALSE,FALSE,"B-US"
"GCTGCGAGAGCGTCGGTA",1,"LTRgag-Reverse_RevComp","GGTGCGAGAGCGTCAGTA",0.00384201629014907,2,1,1,1,TRUE,FALSE,FALSE,"B-US"
"GGCGCAACAGCATCTGTT",1,"LTRgag-Reverse_RevComp","GGTGCGAGAGCGTCAGTA",0.00384201629014907,6,3,3,0,FALSE,FALSE,FALSE,"B-US"
"GGCGCAGCGTCAATA",1,"LTRgag-Reverse_RevComp","GGTGCGAGAGCGTCAGTA",0.00384201629014907,5,1,4,0,FALSE,FALSE,FALSE,"B-US"
"GGCGCGAGGGCGTCAGTA",1,"LTRgag-Reverse_RevComp","GGTGCGAGAGCGTCAGTA",0.00384201629014907,2,0,2,0,FALSE,FALSE,FALSE,"B-US"
"GGCGGGAGAGCGTCAGTA",1,"LTRgag-Reverse_RevComp","GGTGCGAGAGCGTCAGTA",0.00384201629014907,2,0,2,0,FALSE,FALSE,FALSE,"B-US"
"GGGTCGAGAGCGTCAGTA",1,"LTRgag-Reverse_RevComp","GGTGCGAGAGCGTCAGTA",0.00384201629014907,2,0,2,0,FALSE,FALSE,FALSE,"B-US"
"GGKGCGAGRGCGTCAGTA",1,"LTRgag-Reverse_RevComp","GGTGCGAGAGCGTCAGTA",0.00384201629014907,1,0,1,0,TRUE,TRUE,FALSE,"B-US"
"GGTACGAGAGCGTCAATA",1,"LTRgag-Reverse_RevComp","GGTGCGAGAGCGTCAGTA",0.00384201629014907,2,1,1,0,TRUE,TRUE,FALSE,"B-US"
"GGTACGAGAGCGTCGGTA",1,"LTRgag-Reverse_RevComp","GGTGCGAGAGCGTCAGTA",0.00384201629014907,2,1,1,0,TRUE,TRUE,FALSE,"B-US"
"GGTGCAAGAGCGTCAATA",1,"LTRgag-Reverse_RevComp","GGTGCGAGAGCGTCAGTA",0.00384201629014907,2,1,1,0,TRUE,TRUE,FALSE,"B-US"
"GGTGCGAAAGTGTCAATA",1,"LTRgag-Reverse_RevComp","GGTGCGAGAGCGTCAGTA",0.00384201629014907,3,2,1,0,TRUE,TRUE,FALSE,"B-US"
"GGTGCGAGAACGTCGGTA",1,"LTRgag-Reverse_RevComp","GGTGCGAGAGCGTCAGTA",0.00384201629014907,2,2,0,0,TRUE,TRUE,FALSE,"B-US"
"GGTGCGAGAAGCTCAGTA",1,"LTRgag-Reverse_RevComp","GGTGCGAGAGCGTCAGTA",0.00384201629014907,3,3,0,0,TRUE,TRUE,FALSE,"B-US"
"GGTGCGAGAAGGTCAATA",1,"LTRgag-Reverse_RevComp","GGTGCGAGAGCGTCAGTA",0.00384201629014907,3,3,0,0,TRUE,TRUE,FALSE,"B-US"
"GGTGCGAGACCGTCAGTA",1,"LTRgag-Reverse_RevComp","GGTGCGAGAGCGTCAGTA",0.00384201629014907,1,1,0,0,TRUE,TRUE,FALSE,"B-US"
"GGTGCGAGAGAGTCAGTA",1,"LTRgag-Reverse_RevComp","GGTGCGAGAGCGTCAGTA",0.00384201629014907,1,1,0,0,TRUE,TRUE,FALSE,"B-US"
"GGTGCGAGAGCATCAATA",1,"LTRgag-Reverse_RevComp","GGTGCGAGAGCGTCAGTA",0.00384201629014907,2,2,0,0,TRUE,TRUE,FALSE,"B-US"
"GGTGCGAGAGCATCTGTA",1,"LTRgag-Reverse_RevComp","GGTGCGAGAGCGTCAGTA",0.00384201629014907,2,2,0,0,TRUE,TRUE,FALSE,"B-US"
"GGTGCGAGAGCCGTCAGAT",1,"LTRgag-Reverse_RevComp","GGTGCGAGAGCGTCAGTA",0.00384201629014907,3,3,0,0,TRUE,TRUE,FALSE,"B-US"
"GGTGCGAGAGCCTCGGTA",1,"LTRgag-Reverse_RevComp","GGTGCGAGAGCGTCAGTA",0.00384201629014907,2,2,0,0,TRUE,TRUE,FALSE,"B-US"
"GGTGCGAGAGCGAGTA",1,"LTRgag-Reverse_RevComp","GGTGCGAGAGCGTCAGTA",0.00384201629014907,2,2,0,0,TRUE,TRUE,FALSE,"B-US"
"GGTGCGAGAGCGCCAATA",1,"LTRgag-Reverse_RevComp","GGTGCGAGAGCGTCAGTA",0.00384201629014907,2,2,0,0,TRUE,TRUE,FALSE,"B-US"
"GGTGCGAGAGCGCCGGTA",1,"LTRgag-Reverse_RevComp","GGTGCGAGAGCGTCAGTA",0.00384201629014907,2,2,0,0,TRUE,TRUE,FALSE,"B-US"
"GGTGCGAGAGCGCCTGTA",1,"LTRgag-Reverse_RevComp","GGTGCGAGAGCGTCAGTA",0.00384201629014907,2,2,0,0,TRUE,TRUE,FALSE,"B-US"
"GGTGCGAGAGCGGCAGTA",1,"LTRgag-Reverse_RevComp","GGTGCGAGAGCGTCAGTA",0.00384201629014907,1,1,0,0,TRUE,TRUE,FALSE,"B-US"
"GGTGCGAGAGCGGCGGGG",1,"LTRgag-Reverse_RevComp","GGTGCGAGAGCGTCAGTA",0.00384201629014907,4,4,0,0,FALSE,FALSE,FALSE,"B-US"
"GGTGCGAGAGCGTCAACA",1,"LTRgag-Reverse_RevComp","GGTGCGAGAGCGTCAGTA",0.00384201629014907,2,2,0,0,TRUE,TRUE,FALSE,"B-US"
"GGTGCGAGAGCGTCAGGT",1,"LTRgag-Reverse_RevComp","GGTGCGAGAGCGTCAGTA",0.00384201629014907,2,2,0,0,TRUE,TRUE,FALSE,"B-US"
"GGTGCGAGAGCGTCCATA",1,"LTRgag-Reverse_RevComp","GGTGCGAGAGCGTCAGTA",0.00384201629014907,2,2,0,0,TRUE,TRUE,FALSE,"B-US"
"GGTGCGAGAGCGTCGGAT",1,"LTRgag-Reverse_RevComp","GGTGCGAGAGCGTCAGTA",0.00384201629014907,3,3,0,0,TRUE,TRUE,FALSE,"B-US"
"GGTGCGAGAGCGTCGGCA",1,"LTRgag-Reverse_RevComp","GGTGCGAGAGCGTCAGTA",0.00384201629014907,2,2,0,0,TRUE,TRUE,FALSE,"B-US"
"GGTGCGAGAGCGTCNATA",1,"LTRgag-Reverse_RevComp","GGTGCGAGAGCGTCAGTA",0.00384201629014907,1.75,1.75,0,0,TRUE,TRUE,FALSE,"B-US"
"GGTGCGAGAGCGTCRRTA",1,"LTRgag-Reverse_RevComp","GGTGCGAGAGCGTCAGTA",0.00384201629014907,1,1,0,0,TRUE,TRUE,FALSE,"B-US"
"GGTGCGAGAGCGTCTGCA",1,"LTRgag-Reverse_RevComp","GGTGCGAGAGCGTCAGTA",0.00384201629014907,2,2,0,0,TRUE,TRUE,FALSE,"B-US"
"GGTGCGAGAGCGTTAGTA",1,"LTRgag-Reverse_RevComp","GGTGCGAGAGCGTCAGTA",0.00384201629014907,1,1,0,0,TRUE,TRUE,FALSE,"B-US"
"GGTGCGAGAGCRTCAGTA",1,"LTRgag-Reverse_RevComp","GGTGCGAGAGCGTCAGTA",0.00384201629014907,0.5,0.5,0,0,TRUE,TRUE,FALSE,"B-US"
"GGTGCGAGAGGGTCAGTA",1,"LTRgag-Reverse_RevComp","GGTGCGAGAGCGTCAGTA",0.00384201629014907,1,1,0,0,TRUE,TRUE,FALSE,"B-US"
"GGTGCGAGAGGGTCGGTA",1,"LTRgag-Reverse_RevComp","GGTGCGAGAGCGTCAGTA",0.00384201629014907,2,2,0,0,TRUE,TRUE,FALSE,"B-US"
"GGTGCGAGARCGTCAGTA",1,"LTRgag-Reverse_RevComp","GGTGCGAGAGCGTCAGTA",0.00384201629014907,0.5,0.5,0,0,TRUE,TRUE,FALSE,"B-US"
"GGTGCGAGASCGTCAGTA",1,"LTRgag-Reverse_RevComp","GGTGCGAGAGCGTCAGTA",0.00384201629014907,0.5,0.5,0,0,TRUE,TRUE,FALSE,"B-US"
"GGTGCGAGRGCGTCAGTA",1,"LTRgag-Reverse_RevComp","GGTGCGAGAGCGTCAGTA",0.00384201629014907,0.5,0,0.5,0,TRUE,TRUE,FALSE,"B-US"
"GGTGCGAGTGCGTCAGTA",1,"LTRgag-Reverse_RevComp","GGTGCGAGAGCGTCAGTA",0.00384201629014907,1,0,1,0,TRUE,TRUE,FALSE,"B-US"
"GGTGCGCGAGCGTCAATA",1,"LTRgag-Reverse_RevComp","GGTGCGAGAGCGTCAGTA",0.00384201629014907,2,1,1,0,TRUE,TRUE,FALSE,"B-US"
"GGTGCGCGAGCGTCTGTA",1,"LTRgag-Reverse_RevComp","GGTGCGAGAGCGTCAGTA",0.00384201629014907,2,1,1,0,TRUE,TRUE,FALSE,"B-US"
"GGTGCGGGAGCGTCAATA",1,"LTRgag-Reverse_RevComp","GGTGCGAGAGCGTCAGTA",0.00384201629014907,2,1,1,0,TRUE,TRUE,FALSE,"B-US"
"GGTGCGGGAGCGTCTGTA",1,"LTRgag-Reverse_RevComp","GGTGCGAGAGCGTCAGTA",0.00384201629014907,2,1,1,0,TRUE,TRUE,FALSE,"B-US"
"GGTGCGRGGGCGTCGGTA",1,"LTRgag-Reverse_RevComp","GGTGCGAGAGCGTCAGTA",0.00384201629014907,2.5,1,1.5,0,FALSE,FALSE,FALSE,"B-US"
"GGTGCSARAGCGTCARTA",1,"LTRgag-Reverse_RevComp","GGTGCGAGAGCGTCAGTA",0.00384201629014907,1.5,0.5,1,0,TRUE,TRUE,FALSE,"B-US"
"GGTGCSARARCSTCAGTA",1,"LTRgag-Reverse_RevComp","GGTGCGAGAGCGTCAGTA",0.00384201629014907,2,1,1,0,TRUE,TRUE,FALSE,"B-US"
"GGTGGAGAGAGAGACAGAG",1,"LTRgag-Reverse_RevComp","GGTGCGAGAGCGTCAGTA",0.00384201629014907,6,4,2,0,FALSE,FALSE,FALSE,"B-US"
"GGTGGAGCGTCGGTA",1,"LTRgag-Reverse_RevComp","GGTGCGAGAGCGTCAGTA",0.00384201629014907,5,1,4,0,FALSE,FALSE,FALSE,"B-US"
"GGTGGGAGAGCGTCAGTA",1,"LTRgag-Reverse_RevComp","GGTGCGAGAGCGTCAGTA",0.00384201629014907,1,0,1,0,TRUE,TRUE,FALSE,"B-US"
"GGTGYGAGAGCGTCAGTA",1,"LTRgag-Reverse_RevComp","GGTGCGAGAGCGTCAGTA",0.00384201629014907,0.5,0,0.5,0,TRUE,TRUE,FALSE,"B-US"
"GGTKCGAKAGCGTCAATA",1,"LTRgag-Reverse_RevComp","GGTGCGAGAGCGTCAGTA",0.00384201629014907,2,1,1,0,TRUE,TRUE,FALSE,"B-US"
"GGTSCGAGAGCGTCAKTA",1,"LTRgag-Reverse_RevComp","GGTGCGAGAGCGTCAGTA",0.00384201629014907,1,0.5,0.5,0,TRUE,TRUE,FALSE,"B-US"
"GGYGCGAGAGCGTCAGTA",1,"LTRgag-Reverse_RevComp","GGTGCGAGAGCGTCAGTA",0.00384201629014907,0.5,0,0.5,0,TRUE,TRUE,FALSE,"B-US"
"GTTGCGAGAGCGTCAGTA",1,"LTRgag-Reverse_RevComp","GGTGCGAGAGCGTCAGTA",0.00384201629014907,1,0,1,1,TRUE,FALSE,FALSE,"B-US"
"TGTGCGAGAGCGTCAGTA",1,"LTRgag-Reverse_RevComp","GGTGCGAGAGCGTCAGTA",0.00384201629014907,1,0,1,1,TRUE,FALSE,FALSE,"B-US"
"TTTGAGAGAGCTTTATTA",1,"LTRgag-Reverse_RevComp","GGTGCGAGAGCGTCAGTA",0.00384201629014907,6,3,3,2,FALSE,FALSE,FALSE,"B-US"
"GGTGCGAAGGCGTCGGTA",146,"LTRgag-Reverse_RevComp","GGTGCGAGAGCGTCAGTA",0.560934378361764,3,1,2,0,FALSE,FALSE,FALSE,"B-US"
"GGCGCGAGAGCGTCAGTA",15,"LTRgag-Reverse_RevComp","GGTGCGAGAGCGTCAGTA",0.0576302443522361,1,0,1,0,TRUE,TRUE,FALSE,"B-US"
"GGTGCGAGGGCGTCGGTA",152,"LTRgag-Reverse_RevComp","GGTGCGAGAGCGTCAGTA",0.583986476102659,2,1,1,0,TRUE,TRUE,FALSE,"B-US"
"GGTGCGAGAGCGTCGATA",16,"LTRgag-Reverse_RevComp","GGTGCGAGAGCGTCAGTA",0.0614722606423851,2,2,0,0,TRUE,TRUE,FALSE,"B-US"
"GGTGCGAGAGCGTCAGTA",17924,"LTRgag-Reverse_RevComp","GGTGCGAGAGCGTCAGTA",68.8642999846319,0,0,0,0,TRUE,TRUE,TRUE,"B-US"
"GGTGCAAGAGCGTCAGTA",19,"LTRgag-Reverse_RevComp","GGTGCGAGAGCGTCAGTA",0.0729983095128323,1,0,1,0,TRUE,TRUE,FALSE,"B-US"
"GGTGCGAGAGCGTCTGTA",198,"LTRgag-Reverse_RevComp","GGTGCGAGAGCGTCAGTA",0.760719225449516,1,1,0,0,TRUE,TRUE,FALSE,"B-US"
"AGTGCGAGAGCGTCTGTA",2,"LTRgag-Reverse_RevComp","GGTGCGAGAGCGTCAGTA",0.00768403258029814,2,1,1,1,TRUE,FALSE,FALSE,"B-US"
"GCTGCGAGAGCGTCAGTA",2,"LTRgag-Reverse_RevComp","GGTGCGAGAGCGTCAGTA",0.00768403258029814,1,0,1,1,TRUE,FALSE,FALSE,"B-US"
"GGAGCGAGAGCGTCAGTA",2,"LTRgag-Reverse_RevComp","GGTGCGAGAGCGTCAGTA",0.00768403258029814,1,0,1,0,TRUE,TRUE,FALSE,"B-US"
"GGCGCAGCGTCAGTA",2,"LTRgag-Reverse_RevComp","GGTGCGAGAGCGTCAGTA",0.00768403258029814,4,0,4,0,FALSE,FALSE,FALSE,"B-US"
"GGCGCAGCGTCAGTG",2,"LTRgag-Reverse_RevComp","GGTGCGAGAGCGTCAGTA",0.00768403258029814,5,1,4,0,FALSE,FALSE,FALSE,"B-US"
"GGGGCGAGAGCGTCAATA",2,"LTRgag-Reverse_RevComp","GGTGCGAGAGCGTCAGTA",0.00768403258029814,2,1,1,0,TRUE,TRUE,FALSE,"B-US"
"GGTGCGAAAGCGTCGGTA",2,"LTRgag-Reverse_RevComp","GGTGCGAGAGCGTCAGTA",0.00768403258029814,2,1,1,0,TRUE,TRUE,FALSE,"B-US"
"GGTGCGAGAGCCAATG",2,"LTRgag-Reverse_RevComp","GGTGCGAGAGCGTCAGTA",0.00768403258029814,5,5,0,0,FALSE,FALSE,FALSE,"B-US"
"GGTGCGAGAGCGTCAATC",2,"LTRgag-Reverse_RevComp","GGTGCGAGAGCGTCAGTA",0.00768403258029814,2,2,0,0,TRUE,TRUE,FALSE,"B-US"
"GGTGCGAGAGCGTCAGTC",2,"LTRgag-Reverse_RevComp","GGTGCGAGAGCGTCAGTA",0.00768403258029814,1,1,0,0,TRUE,TRUE,FALSE,"B-US"
"GGTGCGAGAGCGTCAGTR",2,"LTRgag-Reverse_RevComp","GGTGCGAGAGCGTCAGTA",0.00768403258029814,0.5,0.5,0,0,TRUE,TRUE,FALSE,"B-US"
"GGTGCGAGAGCGTCGRTA",2,"LTRgag-Reverse_RevComp","GGTGCGAGAGCGTCAGTA",0.00768403258029814,1.5,1.5,0,0,TRUE,TRUE,FALSE,"B-US"
"GGTGCGAGAGTGTCGGTA",2,"LTRgag-Reverse_RevComp","GGTGCGAGAGCGTCAGTA",0.00768403258029814,2,2,0,0,TRUE,TRUE,FALSE,"B-US"
"GGTGCGAGATGGCCTACTA",2,"LTRgag-Reverse_RevComp","GGTGCGAGAGCGTCAGTA",0.00768403258029814,5,5,0,0,FALSE,FALSE,FALSE,"B-US"
"GGTGCGWGWGCGTCAGTA",2,"LTRgag-Reverse_RevComp","GGTGCGAGAGCGTCAGTA",0.00768403258029814,1,0,1,0,TRUE,TRUE,FALSE,"B-US"
"GGTGCSAGAGCGTCAGTA",2,"LTRgag-Reverse_RevComp","GGTGCGAGAGCGTCAGTA",0.00768403258029814,0.5,0,0.5,0,TRUE,TRUE,FALSE,"B-US"
"GGTGCSAGAGCSTCGGTA",2,"LTRgag-Reverse_RevComp","GGTGCGAGAGCGTCAGTA",0.00768403258029814,2,1.5,0.5,0,TRUE,TRUE,FALSE,"B-US"
"GGTGGGAGAGCGTCGGTA",2,"LTRgag-Reverse_RevComp","GGTGCGAGAGCGTCAGTA",0.00768403258029814,2,1,1,0,TRUE,TRUE,FALSE,"B-US"
"GGTGCGAGAGCGTCRGTA",21,"LTRgag-Reverse_RevComp","GGTGCGAGAGCGTCAGTA",0.0806823420931305,0.5,0.5,0,0,TRUE,TRUE,FALSE,"B-US"
"GGTGCGAGGGCGTCAGTA",281,"LTRgag-Reverse_RevComp","GGTGCGAGAGCGTCAGTA",1.07960657753189,1,0,1,0,TRUE,TRUE,FALSE,"B-US"
"GGTGCGAGAGCGTCGGTA",2895,"LTRgag-Reverse_RevComp","GGTGCGAGAGCGTCAGTA",11.1226371599816,1,1,0,0,TRUE,TRUE,FALSE,"B-US"
"AGTGCGAGAGCGTCAATA",3,"LTRgag-Reverse_RevComp","GGTGCGAGAGCGTCAGTA",0.0115260488704472,2,1,1,1,TRUE,FALSE,FALSE,"B-US"
"AGTGCTAGAGTGGAAGTT",3,"LTRgag-Reverse_RevComp","GGTGCGAGAGCGTCAGTA",0.0115260488704472,6,4,2,1,FALSE,FALSE,FALSE,"B-US"
"GGGTTGAGAGCGTCGGTA",3,"LTRgag-Reverse_RevComp","GGTGCGAGAGCGTCAGTA",0.0115260488704472,4,1,3,0,FALSE,FALSE,FALSE,"B-US"
"GGTGCGAAAGCGTCAATA",3,"LTRgag-Reverse_RevComp","GGTGCGAGAGCGTCAGTA",0.0115260488704472,2,1,1,0,TRUE,TRUE,FALSE,"B-US"
"GGTGCGAGAACGTCAGTA",3,"LTRgag-Reverse_RevComp","GGTGCGAGAGCGTCAGTA",0.0115260488704472,1,1,0,0,TRUE,TRUE,FALSE,"B-US"
"GGTGCGAGAGCGTCAGAA",3,"LTRgag-Reverse_RevComp","GGTGCGAGAGCGTCAGTA",0.0115260488704472,1,1,0,0,TRUE,TRUE,FALSE,"B-US"
"GGTGCGAGAGCGTCAGYA",3,"LTRgag-Reverse_RevComp","GGTGCGAGAGCGTCAGTA",0.0115260488704472,0.5,0.5,0,0,TRUE,TRUE,FALSE,"B-US"
"GGTGCGAGAGCGTCATTA",3,"LTRgag-Reverse_RevComp","GGTGCGAGAGCGTCAGTA",0.0115260488704472,1,1,0,0,TRUE,TRUE,FALSE,"B-US"
"GGTGCGAGWGCGTCAGTA",3,"LTRgag-Reverse_RevComp","GGTGCGAGAGCGTCAGTA",0.0115260488704472,0.5,0,0.5,0,TRUE,TRUE,FALSE,"B-US"
"GGTGCGCGTCAGTA",3,"LTRgag-Reverse_RevComp","GGTGCGAGAGCGTCAGTA",0.0115260488704472,4,0,4,0,FALSE,FALSE,FALSE,"B-US"
"GGTGCGAGAGTGTCAGTA",33,"LTRgag-Reverse_RevComp","GGTGCGAGAGCGTCAGTA",0.126786537574919,1,1,0,0,TRUE,TRUE,FALSE,"B-US"
"GGTGCGAGAGCGTCARTA",39,"LTRgag-Reverse_RevComp","GGTGCGAGAGCGTCAGTA",0.149838635315814,0.5,0.5,0,0,TRUE,TRUE,FALSE,"B-US"
"GGCGCGAGAGCGTCAATA",4,"LTRgag-Reverse_RevComp","GGTGCGAGAGCGTCAGTA",0.0153680651605963,2,1,1,0,TRUE,TRUE,FALSE,"B-US"
"GGTACGAGAGCGTCAGTA",4,"LTRgag-Reverse_RevComp","GGTGCGAGAGCGTCAGTA",0.0153680651605963,1,0,1,0,TRUE,TRUE,FALSE,"B-US"
"GGTGCGAGAGCGTCAATG",4,"LTRgag-Reverse_RevComp","GGTGCGAGAGCGTCAGTA",0.0153680651605963,2,2,0,0,TRUE,TRUE,FALSE,"B-US"
"GGTGCGAGAGCGTCAGTT",4,"LTRgag-Reverse_RevComp","GGTGCGAGAGCGTCAGTA",0.0153680651605963,1,1,0,0,TRUE,TRUE,FALSE,"B-US"
"GGTGCGGGAGCGTCAGTA",4,"LTRgag-Reverse_RevComp","GGTGCGAGAGCGTCAGTA",0.0153680651605963,1,0,1,0,TRUE,TRUE,FALSE,"B-US"
"GGTGTGAGAGCGTCAGTA",4,"LTRgag-Reverse_RevComp","GGTGCGAGAGCGTCAGTA",0.0153680651605963,1,0,1,0,TRUE,TRUE,FALSE,"B-US"
"GGTGTGAGAGCGTCGGTA",4,"LTRgag-Reverse_RevComp","GGTGCGAGAGCGTCAGTA",0.0153680651605963,2,1,1,0,TRUE,TRUE,FALSE,"B-US"
"GGTGCGAGAGCGTCAATA",4003,"LTRgag-Reverse_RevComp","GGTGCGAGAGCGTCAGTA",15.3795912094667,1,1,0,0,TRUE,TRUE,FALSE,"B-US"
"GGTGCAAGAGCGTCGGTA",5,"LTRgag-Reverse_RevComp","GGTGCGAGAGCGTCAGTA",0.0192100814507454,2,1,1,0,TRUE,TRUE,FALSE,"B-US"
"GGTGCGAGAGCGTCAGTG",54,"LTRgag-Reverse_RevComp","GGTGCGAGAGCGTCAGTA",0.20746887966805,1,1,0,0,TRUE,TRUE,FALSE,"B-US"
"GGTGCGAGAGCATCAGTA",6,"LTRgag-Reverse_RevComp","GGTGCGAGAGCGTCAGTA",0.0230520977408944,1,1,0,0,TRUE,TRUE,FALSE,"B-US"
"GGTGCGAGAGCGTCAGCA",6,"LTRgag-Reverse_RevComp","GGTGCGAGAGCGTCAGTA",0.0230520977408944,1,1,0,0,TRUE,TRUE,FALSE,"B-US"
"GGTGCGAGGGCGTCAATA",6,"LTRgag-Reverse_RevComp","GGTGCGAGAGCGTCAGTA",0.0230520977408944,2,1,1,0,TRUE,TRUE,FALSE,"B-US"
"AGTGCGAGAGCGTCGGTA",7,"LTRgag-Reverse_RevComp","GGTGCGAGAGCGTCAGTA",0.0268941140310435,2,1,1,1,TRUE,FALSE,FALSE,"B-US"
"GGTGCGAGAGCGCCAGTA",7,"LTRgag-Reverse_RevComp","GGTGCGAGAGCGTCAGTA",0.0268941140310435,1,1,0,0,TRUE,TRUE,FALSE,"B-US"
"GGTGCGAAAGCGTCAGTA",8,"LTRgag-Reverse_RevComp","GGTGCGAGAGCGTCAGTA",0.0307361303211926,1,0,1,0,TRUE,TRUE,FALSE,"B-US"
"AGTGCGAGAGCGTCAGTA",9,"LTRgag-Reverse_RevComp","GGTGCGAGAGCGTCAGTA",0.0345781466113416,1,0,1,1,TRUE,FALSE,FALSE,"B-US"
"GGTGCGAGAGCGTCCGTA",9,"LTRgag-Reverse_RevComp","GGTGCGAGAGCGTCAGTA",0.0345781466113416,1,1,0,0,TRUE,TRUE,FALSE,"B-US"
"GGTGCGAGAGTGTCAATA",9,"LTRgag-Reverse_RevComp","GGTGCGAGAGCGTCAGTA",0.0345781466113416,2,2,0,0,TRUE,TRUE,FALSE,"B-US"
"AAGACTTTCCACTAGA",1,"TransF4-Forward","GGGACTTTCCGCTGGG",0.00480653689017063,5,2,3,1,FALSE,FALSE,FALSE,"B-US"
"AAGACTTTCCGCTGAA",1,"TransF4-Forward","GGGACTTTCCGCTGGG",0.00480653689017063,4,2,2,1,FALSE,FALSE,FALSE,"B-US"
"AGAACTTTCCACTGGA",1,"TransF4-Forward","GGGACTTTCCGCTGGG",0.00480653689017063,4,2,2,1,FALSE,FALSE,FALSE,"B-US"
"AGAACTTTCCGCTGGG",1,"TransF4-Forward","GGGACTTTCCGCTGGG",0.00480653689017063,2,2,0,0,TRUE,TRUE,FALSE,"B-US"
"AGGACTTTCAGCTGGG",1,"TransF4-Forward","GGGACTTTCCGCTGGG",0.00480653689017063,2,1,1,0,TRUE,TRUE,FALSE,"B-US"
"AGGACTTTCCACGGGA",1,"TransF4-Forward","GGGACTTTCCGCTGGG",0.00480653689017063,4,1,3,1,FALSE,FALSE,FALSE,"B-US"
"AGGACTTTCCACTGGA",1,"TransF4-Forward","GGGACTTTCCGCTGGG",0.00480653689017063,3,1,2,1,FALSE,FALSE,FALSE,"B-US"
"AGGACTTTCCAGGG",1,"TransF4-Forward","GGGACTTTCCGCTGGG",0.00480653689017063,4,1,3,0,FALSE,FALSE,FALSE,"B-US"
"AGGACTTTCCGAAGAG",1,"TransF4-Forward","GGGACTTTCCGCTGGG",0.00480653689017063,4,1,3,0,FALSE,FALSE,FALSE,"B-US"
"AGGACTTTCCGCCGAG",1,"TransF4-Forward","GGGACTTTCCGCTGGG",0.00480653689017063,3,1,2,0,FALSE,FALSE,FALSE,"B-US"
"AGGACTTTCCGCGGGG",1,"TransF4-Forward","GGGACTTTCCGCTGGG",0.00480653689017063,2,1,1,0,TRUE,TRUE,FALSE,"B-US"
"AGGACTTTCCGCTACG",1,"TransF4-Forward","GGGACTTTCCGCTGGG",0.00480653689017063,3,1,2,0,FALSE,FALSE,FALSE,"B-US"
"AGGACTTTCCGCTAGA",1,"TransF4-Forward","GGGACTTTCCGCTGGG",0.00480653689017063,3,1,2,1,FALSE,FALSE,FALSE,"B-US"
"AGGACTTTCCGCTTAG",1,"TransF4-Forward","GGGACTTTCCGCTGGG",0.00480653689017063,3,1,2,0,FALSE,FALSE,FALSE,"B-US"
"AGGACTTTCCGTAGGG",1,"TransF4-Forward","GGGACTTTCCGCTGGG",0.00480653689017063,3,1,2,0,FALSE,FALSE,FALSE,"B-US"
"AGGACTTTCCGTGAGG",1,"TransF4-Forward","GGGACTTTCCGCTGGG",0.00480653689017063,4,1,3,0,FALSE,FALSE,FALSE,"B-US"
"AGGACTTTCCGTGGGG",1,"TransF4-Forward","GGGACTTTCCGCTGGG",0.00480653689017063,3,1,2,0,FALSE,FALSE,FALSE,"B-US"
"AGGACTTTCCGTTGGG",1,"TransF4-Forward","GGGACTTTCCGCTGGG",0.00480653689017063,2,1,1,0,TRUE,TRUE,FALSE,"B-US"
"AGGGCTTTCCGCTGGG",1,"TransF4-Forward","GGGACTTTCCGCTGGG",0.00480653689017063,2,2,0,0,TRUE,TRUE,FALSE,"B-US"
"CAAACTTTCCGCTGGG",1,"TransF4-Forward","GGGACTTTCCGCTGGG",0.00480653689017063,3,3,0,0,TRUE,TRUE,FALSE,"B-US"
"CGAGCTTTCCGCTGGG",1,"TransF4-Forward","GGGACTTTCCGCTGGG",0.00480653689017063,3,3,0,0,TRUE,TRUE,FALSE,"B-US"
"CGGACTTTCCGCTAGG",1,"TransF4-Forward","GGGACTTTCCGCTGGG",0.00480653689017063,2,1,1,0,TRUE,TRUE,FALSE,"B-US"
"CGGACTTTCCGCTGAG",1,"TransF4-Forward","GGGACTTTCCGCTGGG",0.00480653689017063,2,1,1,0,TRUE,TRUE,FALSE,"B-US"
"GAAACTTTCTCCAGGG",1,"TransF4-Forward","GGGACTTTCCGCTGGG",0.00480653689017063,5,2,3,0,FALSE,FALSE,FALSE,"B-US"
"GAGACTTTCCACTAGG",1,"TransF4-Forward","GGGACTTTCCGCTGGG",0.00480653689017063,3,1,2,0,FALSE,FALSE,FALSE,"B-US"
"GAGACTTTCCACTGGG",1,"TransF4-Forward","GGGACTTTCCGCTGGG",0.00480653689017063,2,1,1,0,TRUE,TRUE,FALSE,"B-US"
"GAGACTTTCCGCCGGG",1,"TransF4-Forward","GGGACTTTCCGCTGGG",0.00480653689017063,2,1,1,0,TRUE,TRUE,FALSE,"B-US"
"GAGACTTTCCGCTAAA",1,"TransF4-Forward","GGGACTTTCCGCTGGG",0.00480653689017063,4,1,3,1,FALSE,FALSE,FALSE,"B-US"
"GAGACTTTCCGCTAAG",1,"TransF4-Forward","GGGACTTTCCGCTGGG",0.00480653689017063,3,1,2,0,FALSE,FALSE,FALSE,"B-US"
"GAGACTTTCCGCTAGA",1,"TransF4-Forward","GGGACTTTCCGCTGGG",0.00480653689017063,3,1,2,1,FALSE,FALSE,FALSE,"B-US"
"GAGACTTTCCGCTAGG",1,"TransF4-Forward","GGGACTTTCCGCTGGG",0.00480653689017063,2,1,1,0,TRUE,TRUE,FALSE,"B-US"
"GCGACTTTCCGCTGGG",1,"TransF4-Forward","GGGACTTTCCGCTGGG",0.00480653689017063,1,1,0,0,TRUE,TRUE,FALSE,"B-US"
"GCGAGCTTTCCGCTGGG",1,"TransF4-Forward","GGGACTTTCCGCTGGG",0.00480653689017063,4,4,0,0,FALSE,FALSE,FALSE,"B-US"
"GCGCCTTGCTCCTGGG",1,"TransF4-Forward","GGGACTTTCCGCTGGG",0.00480653689017063,5,3,2,0,FALSE,FALSE,FALSE,"B-US"
"GCTACTTTCTGCCTGT",1,"TransF4-Forward","GGGACTTTCCGCTGGG",0.00480653689017063,6,2,4,1,FALSE,FALSE,FALSE,"B-US"
"GGAAATTTCCGCTGGG",1,"TransF4-Forward","GGGACTTTCCGCTGGG",0.00480653689017063,2,2,0,0,TRUE,TRUE,FALSE,"B-US"
"GGAAGCTTTCCGCTGGG",1,"TransF4-Forward","GGGACTTTCCGCTGGG",0.00480653689017063,4,4,0,0,FALSE,FALSE,FALSE,"B-US"
"GGCACTTTCCGCTGGG",1,"TransF4-Forward","GGGACTTTCCGCTGGG",0.00480653689017063,1,1,0,0,TRUE,TRUE,FALSE,"B-US"
"GGCACTTTCCTAGG",1,"TransF4-Forward","GGGACTTTCCGCTGGG",0.00480653689017063,4,1,3,0,FALSE,FALSE,FALSE,"B-US"
"GGGAAGTTCAGCTAGG",1,"TransF4-Forward","GGGACTTTCCGCTGGG",0.00480653689017063,4,2,2,0,FALSE,FALSE,FALSE,"B-US"
"GGGAATTTCCGCTGGG",1,"TransF4-Forward","GGGACTTTCCGCTGGG",0.00480653689017063,1,1,0,0,TRUE,TRUE,FALSE,"B-US"
"GGGAATTTCCTCCAGA",1,"TransF4-Forward","GGGACTTTCCGCTGGG",0.00480653689017063,5,1,4,1,FALSE,FALSE,FALSE,"B-US"
"GGGAATTTCCTTCAGAG",1,"TransF4-Forward","GGGACTTTCCGCTGGG",0.00480653689017063,5,1,4,0,FALSE,FALSE,FALSE,"B-US"
"GGGACCTTCCACTGGG",1,"TransF4-Forward","GGGACTTTCCGCTGGG",0.00480653689017063,2,1,1,0,TRUE,TRUE,FALSE,"B-US"
"GGGACGCAGGG",1,"TransF4-Forward","GGGACTTTCCGCTGGG",0.00480653689017063,6,3,3,0,FALSE,FALSE,FALSE,"B-US"
"GGGACTAGGAGCTGTG",1,"TransF4-Forward","GGGACTTTCCGCTGGG",0.00480653689017063,5,2,3,0,FALSE,FALSE,FALSE,"B-US"
"GGGACTATCCACTGGG",1,"TransF4-Forward","GGGACTTTCCGCTGGG",0.00480653689017063,2,1,1,0,TRUE,TRUE,FALSE,"B-US"
"GGGACTCTCCGCTGGA",1,"TransF4-Forward","GGGACTTTCCGCTGGG",0.00480653689017063,2,1,1,1,TRUE,FALSE,FALSE,"B-US"
"GGGACTGGATGGG",1,"TransF4-Forward","GGGACTTTCCGCTGGG",0.00480653689017063,5,2,3,0,FALSE,FALSE,FALSE,"B-US"
"GGGACTGTCCGCTGGG",1,"TransF4-Forward","GGGACTTTCCGCTGGG",0.00480653689017063,1,1,0,0,TRUE,TRUE,FALSE,"B-US"
"GGGACTTCCACCTGGG",1,"TransF4-Forward","GGGACTTTCCGCTGGG",0.00480653689017063,3,1,2,0,FALSE,FALSE,FALSE,"B-US"
"GGGACTTCCCACTGGG",1,"TransF4-Forward","GGGACTTTCCGCTGGG",0.00480653689017063,2,1,1,0,TRUE,TRUE,FALSE,"B-US"
"GGGACTTCGNGGGG",1,"TransF4-Forward","GGGACTTTCCGCTGGG",0.00480653689017063,4.75,2,2.75,0,FALSE,FALSE,FALSE,"B-US"
"GGGACTTCTGGG",1,"TransF4-Forward","GGGACTTTCCGCTGGG",0.00480653689017063,4,1,3,0,FALSE,FALSE,FALSE,"B-US"
"GGGACTTTCCACAGGG",1,"TransF4-Forward","GGGACTTTCCGCTGGG",0.00480653689017063,2,0,2,0,FALSE,FALSE,FALSE,"B-US"
"GGGACTTTCCACTAAG",1,"TransF4-Forward","GGGACTTTCCGCTGGG",0.00480653689017063,3,0,3,0,FALSE,FALSE,FALSE,"B-US"
"GGGACTTTCCAGAAGGG",1,"TransF4-Forward","GGGACTTTCCGCTGGG",0.00480653689017063,4,0,4,0,FALSE,FALSE,FALSE,"B-US"
"GGGACTTTCCAGGGGG",1,"TransF4-Forward","GGGACTTTCCGCTGGG",0.00480653689017063,3,0,3,0,FALSE,FALSE,FALSE,"B-US"
"GGGACTTTCCATGGG",1,"TransF4-Forward","GGGACTTTCCGCTGGG",0.00480653689017063,2,0,2,0,FALSE,FALSE,FALSE,"B-US"
"GGGACTTTCCCCTGGG",1,"TransF4-Forward","GGGACTTTCCGCTGGG",0.00480653689017063,1,0,1,0,TRUE,TRUE,FALSE,"B-US"
"GGGACTTTCCGACTGGG",1,"TransF4-Forward","GGGACTTTCCGCTGGG",0.00480653689017063,1,0,1,0,TRUE,TRUE,FALSE,"B-US"
"GGGACTTTCCGCCCGG",1,"TransF4-Forward","GGGACTTTCCGCTGGG",0.00480653689017063,2,0,2,0,FALSE,FALSE,FALSE,"B-US"
"GGGACTTTCCGCGAGG",1,"TransF4-Forward","GGGACTTTCCGCTGGG",0.00480653689017063,2,0,2,0,FALSE,FALSE,FALSE,"B-US"
"GGGACTTTCCGCTAGT",1,"TransF4-Forward","GGGACTTTCCGCTGGG",0.00480653689017063,2,0,2,1,FALSE,FALSE,FALSE,"B-US"
"GGGACTTTCCGCTCCG",1,"TransF4-Forward","GGGACTTTCCGCTGGG",0.00480653689017063,2,0,2,0,FALSE,FALSE,FALSE,"B-US"
"GGGACTTTCCGCTGNG",1,"TransF4-Forward","GGGACTTTCCGCTGGG",0.00480653689017063,0.75,0,0.75,0,TRUE,TRUE,FALSE,"B-US"
"GGGACTTTCCGCTGTG",1,"TransF4-Forward","GGGACTTTCCGCTGGG",0.00480653689017063,1,0,1,0,TRUE,TRUE,FALSE,"B-US"
"GGGACTTTCCGTAGGG",1,"TransF4-Forward","GGGACTTTCCGCTGGG",0.00480653689017063,2,0,2,0,FALSE,FALSE,FALSE,"B-US"
"GGGACTTTCCGTGAGG",1,"TransF4-Forward","GGGACTTTCCGCTGGG",0.00480653689017063,3,0,3,0,FALSE,FALSE,FALSE,"B-US"
"GGGACTTTCCGTTAAG",1,"TransF4-Forward","GGGACTTTCCGCTGGG",0.00480653689017063,3,0,3,0,FALSE,FALSE,FALSE,"B-US"
"GGGACTTTCCGTTGAG",1,"TransF4-Forward","GGGACTTTCCGCTGGG",0.00480653689017063,2,0,2,0,FALSE,FALSE,FALSE,"B-US"
"GGGACTTTCCNCTGGG",1,"TransF4-Forward","GGGACTTTCCGCTGGG",0.00480653689017063,0.75,0,0.75,0,TRUE,TRUE,FALSE,"B-US"
"GGGACTTTCCTCTGGG",1,"TransF4-Forward","GGGACTTTCCGCTGGG",0.00480653689017063,1,0,1,0,TRUE,TRUE,FALSE,"B-US"
"GGGACTTTCCTGGG",1,"TransF4-Forward","GGGACTTTCCGCTGGG",0.00480653689017063,2,0,2,0,FALSE,FALSE,FALSE,"B-US"
"GGGACTTTSSKYWRGG",1,"TransF4-Forward","GGGACTTTCCGCTGGG",0.00480653689017063,3,0,3,0,FALSE,FALSE,FALSE,"B-US"
"GGGACTTTTCACTGGG",1,"TransF4-Forward","GGGACTTTCCGCTGGG",0.00480653689017063,2,0,2,0,FALSE,FALSE,FALSE,"B-US"
"GGGACTTTTCCACTGGG",1,"TransF4-Forward","GGGACTTTCCGCTGGG",0.00480653689017063,2,1,1,0,TRUE,TRUE,FALSE,"B-US"
"GGGACTTTTCGTGGGG",1,"TransF4-Forward","GGGACTTTCCGCTGGG",0.00480653689017063,3,0,3,0,FALSE,FALSE,FALSE,"B-US"
"GGGACTTTTTCCGCTGGG",1,"TransF4-Forward","GGGACTTTCCGCTGGG",0.00480653689017063,2,2,0,0,TRUE,TRUE,FALSE,"B-US"
"GGGACYTTCCGCTGGG",1,"TransF4-Forward","GGGACTTTCCGCTGGG",0.00480653689017063,0.5,0.5,0,0,TRUE,TRUE,FALSE,"B-US"
"GGGAMTTTCCGCTGGG",1,"TransF4-Forward","GGGACTTTCCGCTGGG",0.00480653689017063,0.5,0.5,0,0,TRUE,TRUE,FALSE,"B-US"
"GGGASTTTCCGCTGGG",1,"TransF4-Forward","GGGACTTTCCGCTGGG",0.00480653689017063,0.5,0.5,0,0,TRUE,TRUE,FALSE,"B-US"
"GGGGCTTTCCGCCGGG",1,"TransF4-Forward","GGGACTTTCCGCTGGG",0.00480653689017063,2,1,1,0,TRUE,TRUE,FALSE,"B-US"
"GGGGCTTTCCGCTGGA",1,"TransF4-Forward","GGGACTTTCCGCTGGG",0.00480653689017063,2,1,1,1,TRUE,FALSE,FALSE,"B-US"
"GGGTCTCTCTGGTTGG",1,"TransF4-Forward","GGGACTTTCCGCTGGG",0.00480653689017063,5,2,3,0,FALSE,FALSE,FALSE,"B-US"
"GGTGCTTCACGCTAGT",1,"TransF4-Forward","GGGACTTTCCGCTGGG",0.00480653689017063,6,3,3,1,FALSE,FALSE,FALSE,"B-US"
"GTCACTTTCCGCTGGG",1,"TransF4-Forward","GGGACTTTCCGCTGGG",0.00480653689017063,2,2,0,0,TRUE,TRUE,FALSE,"B-US"
"GTGACTTTCCGCTGGG",1,"TransF4-Forward","GGGACTTTCCGCTGGG",0.00480653689017063,1,1,0,0,TRUE,TRUE,FALSE,"B-US"
"RGGACTTTCCGCTRRR",1,"TransF4-Forward","GGGACTTTCCGCTGGG",0.00480653689017063,2,0.5,1.5,0.5,FALSE,FALSE,FALSE,"B-US"
"TACACTTTCCGCTGGG",1,"TransF4-Forward","GGGACTTTCCGCTGGG",0.00480653689017063,3,3,0,0,TRUE,TRUE,FALSE,"B-US"
"TGGACTTTCCACTGTG",1,"TransF4-Forward","GGGACTTTCCGCTGGG",0.00480653689017063,3,1,2,0,FALSE,FALSE,FALSE,"B-US"
"TGGACTTTCCGCTGGG",1,"TransF4-Forward","GGGACTTTCCGCTGGG",0.00480653689017063,1,1,0,0,TRUE,TRUE,FALSE,"B-US"
"TGGCCTTCCCGCAAGG",1,"TransF4-Forward","GGGACTTTCCGCTGGG",0.00480653689017063,5,3,2,0,FALSE,FALSE,FALSE,"B-US"
"TGTACTTTCCGCTGTT",1,"TransF4-Forward","GGGACTTTCCGCTGGG",0.00480653689017063,4,2,2,1,FALSE,FALSE,FALSE,"B-US"
"TTGACTTTCCGCTGGG",1,"TransF4-Forward","GGGACTTTCCGCTGGG",0.00480653689017063,2,2,0,0,TRUE,TRUE,FALSE,"B-US"
"GGGACTGGCATTTGGG",10,"TransF4-Forward","GGGACTTTCCGCTGGG",0.0480653689017063,5,2,3,0,FALSE,FALSE,FALSE,"B-US"
"GGGACTTTCCACAAGG",10,"TransF4-Forward","GGGACTTTCCGCTGGG",0.0480653689017063,3,0,3,0,FALSE,FALSE,FALSE,"B-US"
"GGGACTTTCC",11,"TransF4-Forward","GGGACTTTCCGCTGGG",0.052871905791877,6,0,6,1,FALSE,FALSE,FALSE,"B-US"
"GGGACTGGAAGGG",12,"TransF4-Forward","GGGACTTTCCGCTGGG",0.0576784426820476,7,3,4,0,FALSE,FALSE,FALSE,"B-US"
"GGGACTTTCCACGGGG",12,"TransF4-Forward","GGGACTTTCCGCTGGG",0.0576784426820476,2,0,2,0,FALSE,FALSE,FALSE,"B-US"
"GGGACTTTCCACTGGG",1235,"TransF4-Forward","GGGACTTTCCGCTGGG",5.93607305936073,1,0,1,0,TRUE,TRUE,FALSE,"B-US"
"AGGACTTTCCGCTAGG",13,"TransF4-Forward","GGGACTTTCCGCTGGG",0.0624849795722182,2,1,1,0,TRUE,TRUE,FALSE,"B-US"
"GGAACTTTCCGCTGGG",13,"TransF4-Forward","GGGACTTTCCGCTGGG",0.0624849795722182,1,1,0,0,TRUE,TRUE,FALSE,"B-US"
"GGGACTTGCCGCTGGG",13,"TransF4-Forward","GGGACTTTCCGCTGGG",0.0624849795722182,1,1,0,0,TRUE,TRUE,FALSE,"B-US"
"GGGACTTTCCGGCGGG",13,"TransF4-Forward","GGGACTTTCCGCTGGG",0.0624849795722182,2,0,2,0,FALSE,FALSE,FALSE,"B-US"
"GGGAGGTTCAGCTAGG",13,"TransF4-Forward","GGGACTTTCCGCTGGG",0.0624849795722182,4,2,2,0,FALSE,FALSE,FALSE,"B-US"
"GGGACTTTCCGTTGGG",132,"TransF4-Forward","GGGACTTTCCGCTGGG",0.634462869502523,1,0,1,0,TRUE,TRUE,FALSE,"B-US"
"GGGACTTTCCGCTGAG",14,"TransF4-Forward","GGGACTTTCCGCTGGG",0.0672915164623888,1,0,1,0,TRUE,TRUE,FALSE,"B-US"
"AGGACTTTCCACTGGG",15,"TransF4-Forward","GGGACTTTCCGCTGGG",0.0720980533525595,2,1,1,0,TRUE,TRUE,FALSE,"B-US"
"GGGACTTTCCGGGG",15,"TransF4-Forward","GGGACTTTCCGCTGGG",0.0720980533525595,2,0,2,0,FALSE,FALSE,FALSE,"B-US"
"GGGACTTTCCGCTGGG",16246,"TransF4-Forward","GGGACTTTCCGCTGGG",78.0869983177121,0,0,0,0,TRUE,TRUE,TRUE,"B-US"
"GGGACTTTCCACTGGA",18,"TransF4-Forward","GGGACTTTCCGCTGGG",0.0865176640230714,2,0,2,1,FALSE,FALSE,FALSE,"B-US"
"GGGACTTTCCGCTGGA",18,"TransF4-Forward","GGGACTTTCCGCTGGG",0.0865176640230714,1,0,1,1,TRUE,FALSE,FALSE,"B-US"
"AAGACTTTCCACTAAG",2,"TransF4-Forward","GGGACTTTCCGCTGGG",0.00961307378034127,5,2,3,0,FALSE,FALSE,FALSE,"B-US"
"AAGACTTTCCGCTAAA",2,"TransF4-Forward","GGGACTTTCCGCTGGG",0.00961307378034127,5,2,3,1,FALSE,FALSE,FALSE,"B-US"
"AAGACTTTCCGCTAGA",2,"TransF4-Forward","GGGACTTTCCGCTGGG",0.00961307378034127,4,2,2,1,FALSE,FALSE,FALSE,"B-US"
"AAGACTTTCCGCTAGG",2,"TransF4-Forward","GGGACTTTCCGCTGGG",0.00961307378034127,3,2,1,0,TRUE,TRUE,FALSE,"B-US"
"AAGACTTTCCGCTGAG",2,"TransF4-Forward","GGGACTTTCCGCTGGG",0.00961307378034127,3,2,1,0,TRUE,TRUE,FALSE,"B-US"
"AGGACTTTCCACTAGA",2,"TransF4-Forward","GGGACTTTCCGCTGGG",0.00961307378034127,4,1,3,1,FALSE,FALSE,FALSE,"B-US"
"AGGACTTTCCACTAGG",2,"TransF4-Forward","GGGACTTTCCGCTGGG",0.00961307378034127,3,1,2,0,FALSE,FALSE,FALSE,"B-US"
"AGGACTTTCCACTGAA",2,"TransF4-Forward","GGGACTTTCCGCTGGG",0.00961307378034127,4,1,3,1,FALSE,FALSE,FALSE,"B-US"
"AGGACTTTCCGTTAGA",2,"TransF4-Forward","GGGACTTTCCGCTGGG",0.00961307378034127,4,1,3,1,FALSE,FALSE,FALSE,"B-US"
"CGGACTTTTCGCTGGG",2,"TransF4-Forward","GGGACTTTCCGCTGGG",0.00961307378034127,2,1,1,0,TRUE,TRUE,FALSE,"B-US"
"GAGACTTTCCGATGGG",2,"TransF4-Forward","GGGACTTTCCGCTGGG",0.00961307378034127,2,1,1,0,TRUE,TRUE,FALSE,"B-US"
"GAGACTTTCCGCTGAG",2,"TransF4-Forward","GGGACTTTCCGCTGGG",0.00961307378034127,2,1,1,0,TRUE,TRUE,FALSE,"B-US"
"GGAACTGCTGGG",2,"TransF4-Forward","GGGACTTTCCGCTGGG",0.00961307378034127,6,4,2,0,FALSE,FALSE,FALSE,"B-US"
"GGAACTTTCCACTGGG",2,"TransF4-Forward","GGGACTTTCCGCTGGG",0.00961307378034127,2,1,1,0,TRUE,TRUE,FALSE,"B-US"
"GGGACCTTCCGATGGG",2,"TransF4-Forward","GGGACTTTCCGCTGGG",0.00961307378034127,2,1,1,0,TRUE,TRUE,FALSE,"B-US"
"GGGACTTCACTGGG",2,"TransF4-Forward","GGGACTTTCCGCTGGG",0.00961307378034127,4,2,2,0,FALSE,FALSE,FALSE,"B-US"
"GGGACTTTCCGCTGAA",2,"TransF4-Forward","GGGACTTTCCGCTGGG",0.00961307378034127,2,0,2,1,FALSE,FALSE,FALSE,"B-US"
"GGGACTTTCTGATGGG",2,"TransF4-Forward","GGGACTTTCCGCTGGG",0.00961307378034127,2,0,2,0,FALSE,FALSE,FALSE,"B-US"
"GGGACTTTTCCGCTGGG",2,"TransF4-Forward","GGGACTTTCCGCTGGG",0.00961307378034127,1,1,0,0,TRUE,TRUE,FALSE,"B-US"
"GGGACTTTTGCTGGG",2,"TransF4-Forward","GGGACTTTCCGCTGGG",0.00961307378034127,3,1,2,0,FALSE,FALSE,FALSE,"B-US"
"GGGAGCTCTCTGGC",2,"TransF4-Forward","GGGACTTTCCGCTGGG",0.00961307378034127,7,4,3,1,FALSE,FALSE,FALSE,"B-US"
"GGGAGTTTCCGCTGGG",2,"TransF4-Forward","GGGACTTTCCGCTGGG",0.00961307378034127,1,1,0,0,TRUE,TRUE,FALSE,"B-US"
"GGGCCTTTCCGCTGGG",2,"TransF4-Forward","GGGACTTTCCGCTGGG",0.00961307378034127,1,1,0,0,TRUE,TRUE,FALSE,"B-US"
"GGGGCTTTCCGCGGGG",2,"TransF4-Forward","GGGACTTTCCGCTGGG",0.00961307378034127,2,1,1,0,TRUE,TRUE,FALSE,"B-US"
"GGGACTTCCCGCCGGG",20,"TransF4-Forward","GGGACTTTCCGCTGGG",0.0961307378034126,2,1,1,0,TRUE,TRUE,FALSE,"B-US"
"AGGACTTTCCACTAAG",21,"TransF4-Forward","GGGACTTTCCGCTGGG",0.100937274693583,4,1,3,0,FALSE,FALSE,FALSE,"B-US"
"AGGACTTTCCACTGAG",22,"TransF4-Forward","GGGACTTTCCGCTGGG",0.105743811583754,3,1,2,0,FALSE,FALSE,FALSE,"B-US"
"GGGACTTTCCAGGG",22,"TransF4-Forward","GGGACTTTCCGCTGGG",0.105743811583754,3,0,3,0,FALSE,FALSE,FALSE,"B-US"
"GGGACTTTCCGCTTGG",22,"TransF4-Forward","GGGACTTTCCGCTGGG",0.105743811583754,1,0,1,0,TRUE,TRUE,FALSE,"B-US"
"GGGACTTTCCGCTAGG",272,"TransF4-Forward","GGGACTTTCCGCTGGG",1.30737803412641,1,0,1,0,TRUE,TRUE,FALSE,"B-US"
"AGGACTTTCCAGAGGA",3,"TransF4-Forward","GGGACTTTCCGCTGGG",0.0144196106705119,5,1,4,1,FALSE,FALSE,FALSE,"B-US"
"AGGACTTTCCGAGGAG",3,"TransF4-Forward","GGGACTTTCCGCTGGG",0.0144196106705119,4,1,3,0,FALSE,FALSE,FALSE,"B-US"
"CGGACTTTCCGCTGGG",3,"TransF4-Forward","GGGACTTTCCGCTGGG",0.0144196106705119,1,1,0,0,TRUE,TRUE,FALSE,"B-US"
"GGAACTTTCCACTGGA",3,"TransF4-Forward","GGGACTTTCCGCTGGG",0.0144196106705119,3,1,2,1,FALSE,FALSE,FALSE,"B-US"
"GGGACTTCCGCTGGG",3,"TransF4-Forward","GGGACTTTCCGCTGGG",0.0144196106705119,1,1,0,0,TRUE,TRUE,FALSE,"B-US"
"GGGACTTTCCACAGGA",3,"TransF4-Forward","GGGACTTTCCGCTGGG",0.0144196106705119,3,0,3,1,FALSE,FALSE,FALSE,"B-US"
"GGGACTTTCCGCTAAG",3,"TransF4-Forward","GGGACTTTCCGCTGGG",0.0144196106705119,2,0,2,0,FALSE,FALSE,FALSE,"B-US"
"GGGACTTTCCGGTGGG",3,"TransF4-Forward","GGGACTTTCCGCTGGG",0.0144196106705119,1,0,1,0,TRUE,TRUE,FALSE,"B-US"
"GGGACTTTCGCTGGG",3,"TransF4-Forward","GGGACTTTCCGCTGGG",0.0144196106705119,2,1,1,0,TRUE,TRUE,FALSE,"B-US"
"GAGACTTTCCGCTGGG",32,"TransF4-Forward","GGGACTTTCCGCTGGG",0.15380918048546,1,1,0,0,TRUE,TRUE,FALSE,"B-US"
"AGGACTTTCCGCTGAG",39,"TransF4-Forward","GGGACTTTCCGCTGGG",0.187454938716655,2,1,1,0,TRUE,TRUE,FALSE,"B-US"
"AAGACTTTCCACTGAG",4,"TransF4-Forward","GGGACTTTCCGCTGGG",0.0192261475606825,4,2,2,0,FALSE,FALSE,FALSE,"B-US"
"AGGACTTTCCACAGGA",4,"TransF4-Forward","GGGACTTTCCGCTGGG",0.0192261475606825,4,1,3,1,FALSE,FALSE,FALSE,"B-US"
"GGGACTTACCGCTGGG",4,"TransF4-Forward","GGGACTTTCCGCTGGG",0.0192261475606825,1,1,0,0,TRUE,TRUE,FALSE,"B-US"
"GGGACTTTGGGGTTGC",4,"TransF4-Forward","GGGACTTTCCGCTGGG",0.0192261475606825,5,0,5,1,FALSE,FALSE,FALSE,"B-US"
"GGGGCTTTCCACCAGG",4,"TransF4-Forward","GGGACTTTCCGCTGGG",0.0192261475606825,4,1,3,0,FALSE,FALSE,FALSE,"B-US"
"GGGTCTCTCTGGTTAG",4,"TransF4-Forward","GGGACTTTCCGCTGGG",0.0192261475606825,6,2,4,0,FALSE,FALSE,FALSE,"B-US"
"GGGACTTTCTGCTGGG",42,"TransF4-Forward","GGGACTTTCCGCTGGG",0.201874549387167,1,0,1,0,TRUE,TRUE,FALSE,"B-US"
"GGGGCTTTCCGCTGGG",43,"TransF4-Forward","GGGACTTTCCGCTGGG",0.206681086277337,1,1,0,0,TRUE,TRUE,FALSE,"B-US"
"AGGACTTTCCGCTAAG",44,"TransF4-Forward","GGGACTTTCCGCTGGG",0.211487623167508,3,1,2,0,FALSE,FALSE,FALSE,"B-US"
"GGGACTTTCTGCTTGG",48,"TransF4-Forward","GGGACTTTCCGCTGGG",0.23071377072819,2,0,2,0,FALSE,FALSE,FALSE,"B-US"
"AGGACTTTCCGTTGAG",5,"TransF4-Forward","GGGACTTTCCGCTGGG",0.0240326844508532,3,1,2,0,FALSE,FALSE,FALSE,"B-US"
"GGGACTGTCCGCCGGG",5,"TransF4-Forward","GGGACTTTCCGCTGGG",0.0240326844508532,2,1,1,0,TRUE,TRUE,FALSE,"B-US"
"GGGACTTTACGCTGGG",5,"TransF4-Forward","GGGACTTTCCGCTGGG",0.0240326844508532,1,0,1,0,TRUE,TRUE,FALSE,"B-US"
"GGGACTTTCCGTTAGG",5,"TransF4-Forward","GGGACTTTCCGCTGGG",0.0240326844508532,2,0,2,0,FALSE,FALSE,FALSE,"B-US"
"AGGACTTTCCGCTGGG",50,"TransF4-Forward","GGGACTTTCCGCTGGG",0.240326844508532,1,1,0,0,TRUE,TRUE,FALSE,"B-US"
"GGGACTTTTCGCTGGG",54,"TransF4-Forward","GGGACTTTCCGCTGGG",0.259552992069214,1,0,1,0,TRUE,TRUE,FALSE,"B-US"
"GGGACTTTCCGCGGGG",562,"TransF4-Forward","GGGACTTTCCGCTGGG",2.7012737322759,1,0,1,0,TRUE,TRUE,FALSE,"B-US"
"GGGACTTTCCGTGGGG",58,"TransF4-Forward","GGGACTTTCCGCTGGG",0.278779139629897,2,0,2,0,FALSE,FALSE,FALSE,"B-US"
"CGAACTTTCCGCTGGG",6,"TransF4-Forward","GGGACTTTCCGCTGGG",0.0288392213410238,2,2,0,0,TRUE,TRUE,FALSE,"B-US"
"GGGACTTTCCACCAGA",6,"TransF4-Forward","GGGACTTTCCGCTGGG",0.0288392213410238,4,0,4,1,FALSE,FALSE,FALSE,"B-US"
"GGGACTTTCCGCTCGG",6,"TransF4-Forward","GGGACTTTCCGCTGGG",0.0288392213410238,1,0,1,0,TRUE,TRUE,FALSE,"B-US"
"GGAACTTCTGGG",62,"TransF4-Forward","GGGACTTTCCGCTGGG",0.298005287190579,5,2,3,0,FALSE,FALSE,FALSE,"B-US"
"GGGACTTTCCGCCAGG",68,"TransF4-Forward","GGGACTTTCCGCTGGG",0.326844508531603,2,0,2,0,FALSE,FALSE,FALSE,"B-US"
"GGGACTTTCCGATGGG",69,"TransF4-Forward","GGGACTTTCCGCTGGG",0.331651045421774,1,0,1,0,TRUE,TRUE,FALSE,"B-US"
"AGGACTTTCCGCTAAA",7,"TransF4-Forward","GGGACTTTCCGCTGGG",0.0336457582311944,4,1,3,1,FALSE,FALSE,FALSE,"B-US"
"AGGACTTTCCGTTAAG",7,"TransF4-Forward","GGGACTTTCCGCTGGG",0.0336457582311944,4,1,3,0,FALSE,FALSE,FALSE,"B-US"
"GGGAAGTTCAACTGGG",7,"TransF4-Forward","GGGACTTTCCGCTGGG",0.0336457582311944,4,2,2,0,FALSE,FALSE,FALSE,"B-US"
"GGGACCTTCCGCTGGG",7,"TransF4-Forward","GGGACTTTCCGCTGGG",0.0336457582311944,1,1,0,0,TRUE,TRUE,FALSE,"B-US"
"GGGACGTTCCGCTGGG",7,"TransF4-Forward","GGGACTTTCCGCTGGG",0.0336457582311944,1,1,0,0,TRUE,TRUE,FALSE,"B-US"
"GGGACTTTCCACTGAG",7,"TransF4-Forward","GGGACTTTCCGCTGGG",0.0336457582311944,2,0,2,0,FALSE,FALSE,FALSE,"B-US"
"GGGACTTTCCGACGGG",7,"TransF4-Forward","GGGACTTTCCGCTGGG",0.0336457582311944,2,0,2,0,FALSE,FALSE,FALSE,"B-US"
"GGGACTTTCCGCAGGG",7,"TransF4-Forward","GGGACTTTCCGCTGGG",0.0336457582311944,1,0,1,0,TRUE,TRUE,FALSE,"B-US"
"GGGACTTTCCGCGGGA",7,"TransF4-Forward","GGGACTTTCCGCTGGG",0.0336457582311944,2,0,2,1,FALSE,FALSE,FALSE,"B-US"
"GGGATTTTCCGCTGGG",7,"TransF4-Forward","GGGACTTTCCGCTGGG",0.0336457582311944,1,1,0,0,TRUE,TRUE,FALSE,"B-US"
"GGGACTTTCCACCAGG",71,"TransF4-Forward","GGGACTTTCCGCTGGG",0.341264119202115,3,0,3,0,FALSE,FALSE,FALSE,"B-US"
"GGGACTTTCCACCGGG",75,"TransF4-Forward","GGGACTTTCCGCTGGG",0.360490266762797,2,0,2,0,FALSE,FALSE,FALSE,"B-US"
"AGGACTTTCCGCTGGA",8,"TransF4-Forward","GGGACTTTCCGCTGGG",0.0384522951213651,2,1,1,1,TRUE,FALSE,FALSE,"B-US"
"GGGACTCTCCGCTGGG",8,"TransF4-Forward","GGGACTTTCCGCTGGG",0.0384522951213651,1,1,0,0,TRUE,TRUE,FALSE,"B-US"
"GGGACTTTCCACTAGG",8,"TransF4-Forward","GGGACTTTCCGCTGGG",0.0384522951213651,2,0,2,0,FALSE,FALSE,FALSE,"B-US"
"GGGACTTTCCGCCGGG",849,"TransF4-Forward","GGGACTTTCCGCTGGG",4.08074981975487,1,0,1,0,TRUE,TRUE,FALSE,"B-US"
"GGGACGATCTGCGGAG",85,"TransF4-Forward","GGGACTTTCCGCTGGG",0.408555635664504,5,2,3,0,FALSE,FALSE,FALSE,"B-US"
"AGGACTTTCCGCTGAA",9,"TransF4-Forward","GGGACTTTCCGCTGGG",0.0432588320115357,3,1,2,1,FALSE,FALSE,FALSE,"B-US"
"GGGACTTCCCGCTGGG",9,"TransF4-Forward","GGGACTTTCCGCTGGG",0.0432588320115357,1,1,0,0,TRUE,TRUE,FALSE,"B-US"
"GGGACTTTCCAGAAGAG",9,"TransF4-Forward","GGGACTTTCCGCTGGG",0.0432588320115357,5,0,5,0,FALSE,FALSE,FALSE,"B-US"
"GGGACTTTCTACTGGG",9,"TransF4-Forward","GGGACTTTCCGCTGGG",0.0432588320115357,2,0,2,0,FALSE,FALSE,FALSE,"B-US"
"ACAGTGGCGAGCCCTCA",1,"TransF4-Probe_RevComp","GGAGTGGCGAGCCCTCA",0.00499350843902926,2,2,0,0,FALSE,FALSE,FALSE,"B-US"
"AGAGTAGCTAACCCTCA",1,"TransF4-Probe_RevComp","GGAGTGGCGAGCCCTCA",0.00499350843902926,4,2,2,0,FALSE,FALSE,FALSE,"B-US"
"AGAGTGGCAAACCCTCA",1,"TransF4-Probe_RevComp","GGAGTGGCGAGCCCTCA",0.00499350843902926,3,1,2,0,FALSE,FALSE,FALSE,"B-US"
"AGAGTGGCAAGCCCTCA",1,"TransF4-Probe_RevComp","GGAGTGGCGAGCCCTCA",0.00499350843902926,2,1,1,0,FALSE,FALSE,FALSE,"B-US"
"AGAGTGGCGAGCCTA",1,"TransF4-Probe_RevComp","GGAGTGGCGAGCCCTCA",0.00499350843902926,5,1,4,1,FALSE,FALSE,FALSE,"B-US"
"AGAGTTGCGAGCCCTCA",1,"TransF4-Probe_RevComp","GGAGTGGCGAGCCCTCA",0.00499350843902926,2,2,0,0,FALSE,FALSE,FALSE,"B-US"
"AGTGTGGCGAGCCCTCA",1,"TransF4-Probe_RevComp","GGAGTGGCGAGCCCTCA",0.00499350843902926,2,2,0,0,FALSE,FALSE,FALSE,"B-US"
"CATCTGGCGAGCCCTCA",1,"TransF4-Probe_RevComp","GGAGTGGCGAGCCCTCA",0.00499350843902926,4,4,0,0,FALSE,FALSE,FALSE,"B-US"
"CGGGATATAAGCAGCTGCT",1,"TransF4-Probe_RevComp","GGAGTGGCGAGCCCTCA",0.00499350843902926,19,12,7,1,FALSE,FALSE,FALSE,"B-US"
"CTCCATATAAGCAGCTGCT",1,"TransF4-Probe_RevComp","GGAGTGGCGAGCCCTCA",0.00499350843902926,18,11,7,1,FALSE,FALSE,FALSE,"B-US"
"CTGCATAAAGCAGCCGCT",1,"TransF4-Probe_RevComp","GGAGTGGCGAGCCCTCA",0.00499350843902926,17,11,6,1,FALSE,FALSE,FALSE,"B-US"
"CTGCATATAAAGCAGCTGCT",1,"TransF4-Probe_RevComp","GGAGTGGCGAGCCCTCA",0.00499350843902926,19,12,7,1,FALSE,FALSE,FALSE,"B-US"
"CTGCATATAAGCAGCTGCC",1,"TransF4-Probe_RevComp","GGAGTGGCGAGCCCTCA",0.00499350843902926,20,12,8,1,FALSE,FALSE,FALSE,"B-US"
"CTGCATATAAGCGGCTGCT",1,"TransF4-Probe_RevComp","GGAGTGGCGAGCCCTCA",0.00499350843902926,17,10,7,1,FALSE,FALSE,FALSE,"B-US"
"CTGCATATACGCAGCCGCT",1,"TransF4-Probe_RevComp","GGAGTGGCGAGCCCTCA",0.00499350843902926,18,12,6,1,FALSE,FALSE,FALSE,"B-US"
"CTGGACATATGCAGCTGCT",1,"TransF4-Probe_RevComp","GGAGTGGCGAGCCCTCA",0.00499350843902926,20,13,7,1,FALSE,FALSE,FALSE,"B-US"
"CTGGCCTGGAAGCAGCTGCT",1,"TransF4-Probe_RevComp","GGAGTGGCGAGCCCTCA",0.00499350843902926,18,11,7,1,FALSE,FALSE,FALSE,"B-US"
"GAAGTAGCAAGCCCTCA",1,"TransF4-Probe_RevComp","GGAGTGGCGAGCCCTCA",0.00499350843902926,3,2,1,0,FALSE,FALSE,FALSE,"B-US"
"GAAGTGGCAAGCCCTCA",1,"TransF4-Probe_RevComp","GGAGTGGCGAGCCCTCA",0.00499350843902926,2,1,1,0,FALSE,FALSE,FALSE,"B-US"
"GAAGTGGCGAACCCTCA",1,"TransF4-Probe_RevComp","GGAGTGGCGAGCCCTCA",0.00499350843902926,2,1,1,0,FALSE,FALSE,FALSE,"B-US"
"GAAGTGGCGAGCCCTCG",1,"TransF4-Probe_RevComp","GGAGTGGCGAGCCCTCA",0.00499350843902926,2,1,1,1,FALSE,FALSE,FALSE,"B-US"
"GACATCGAGCCCTCA",1,"TransF4-Probe_RevComp","GGAGTGGCGAGCCCTCA",0.00499350843902926,5,5,0,0,FALSE,FALSE,FALSE,"B-US"
"GACGTGGCGAGCCCTCA",1,"TransF4-Probe_RevComp","GGAGTGGCGAGCCCTCA",0.00499350843902926,2,2,0,0,FALSE,FALSE,FALSE,"B-US"
"GATGTGGCGAGCCCTCA",1,"TransF4-Probe_RevComp","GGAGTGGCGAGCCCTCA",0.00499350843902926,2,2,0,0,FALSE,FALSE,FALSE,"B-US"
"GGAATGACGAGCCCTCA",1,"TransF4-Probe_RevComp","GGAGTGGCGAGCCCTCA",0.00499350843902926,2,2,0,0,FALSE,FALSE,FALSE,"B-US"
"GGACTGGAAGGGCCTCA",1,"TransF4-Probe_RevComp","GGAGTGGCGAGCCCTCA",0.00499350843902926,5,2,3,0,FALSE,FALSE,FALSE,"B-US"
"GGAGAGGCGAGCCCTCA",1,"TransF4-Probe_RevComp","GGAGTGGCGAGCCCTCA",0.00499350843902926,1,1,0,0,TRUE,TRUE,FALSE,"B-US"
"GGAGATGCGAGCCCTCA",1,"TransF4-Probe_RevComp","GGAGTGGCGAGCCCTCA",0.00499350843902926,2,2,0,0,FALSE,FALSE,FALSE,"B-US"
"GGAGCGGCGCGCCCTCA",1,"TransF4-Probe_RevComp","GGAGTGGCGAGCCCTCA",0.00499350843902926,2,1,1,0,FALSE,FALSE,FALSE,"B-US"
"GGAGCGGCTAACCCTCA",1,"TransF4-Probe_RevComp","GGAGTGGCGAGCCCTCA",0.00499350843902926,3,1,2,0,FALSE,FALSE,FALSE,"B-US"
"GGAGGGGCAAGCCCTCA",1,"TransF4-Probe_RevComp","GGAGTGGCGAGCCCTCA",0.00499350843902926,2,1,1,0,FALSE,FALSE,FALSE,"B-US"
"GGAGGGGCGACCCCTCC",1,"TransF4-Probe_RevComp","GGAGTGGCGAGCCCTCA",0.00499350843902926,3,1,2,1,FALSE,FALSE,FALSE,"B-US"
"GGAGGGGCGAGCCCTAT",1,"TransF4-Probe_RevComp","GGAGTGGCGAGCCCTCA",0.00499350843902926,3,1,2,1,FALSE,FALSE,FALSE,"B-US"
"GGAGGGGGCGAGCCCTCA",1,"TransF4-Probe_RevComp","GGAGTGGCGAGCCCTCA",0.00499350843902926,2,2,0,0,FALSE,FALSE,FALSE,"B-US"
"GGAGTGCCGAVCCCTCA",1,"TransF4-Probe_RevComp","GGAGTGGCGAGCCCTCA",0.00499350843902926,1.66666666666667,1,0.666666666666667,0,FALSE,FALSE,FALSE,"B-US"
"GGAGTGCGAGCCCTCA",1,"TransF4-Probe_RevComp","GGAGTGGCGAGCCCTCA",0.00499350843902926,1,1,0,0,TRUE,TRUE,FALSE,"B-US"
"GGAGTGGAGAGCCCTCA",1,"TransF4-Probe_RevComp","GGAGTGGCGAGCCCTCA",0.00499350843902926,1,1,0,0,TRUE,TRUE,FALSE,"B-US"
"GGAGTGGCAACCCTCA",1,"TransF4-Probe_RevComp","GGAGTGGCGAGCCCTCA",0.00499350843902926,2,0,2,0,FALSE,FALSE,FALSE,"B-US"
"GGAGTGGCACAGCCCTCA",1,"TransF4-Probe_RevComp","GGAGTGGCGAGCCCTCA",0.00499350843902926,2,0,2,0,FALSE,FALSE,FALSE,"B-US"
"GGAGTGGCACCCTCA",1,"TransF4-Probe_RevComp","GGAGTGGCGAGCCCTCA",0.00499350843902926,3,0,3,0,FALSE,FALSE,FALSE,"B-US"
"GGAGTGGCAGCCCTCA",1,"TransF4-Probe_RevComp","GGAGTGGCGAGCCCTCA",0.00499350843902926,1,0,1,0,TRUE,TRUE,FALSE,"B-US"
"GGAGTGGCAGGCCCTCA",1,"TransF4-Probe_RevComp","GGAGTGGCGAGCCCTCA",0.00499350843902926,2,0,2,0,FALSE,FALSE,FALSE,"B-US"
"GGAGTGGCCACCCCTCA",1,"TransF4-Probe_RevComp","GGAGTGGCGAGCCCTCA",0.00499350843902926,2,0,2,0,FALSE,FALSE,FALSE,"B-US"
"GGAGTGGCGACCCCTCA",1,"TransF4-Probe_RevComp","GGAGTGGCGAGCCCTCA",0.00499350843902926,1,0,1,0,TRUE,TRUE,FALSE,"B-US"
"GGAGTGGCGAGCACTCA",1,"TransF4-Probe_RevComp","GGAGTGGCGAGCCCTCA",0.00499350843902926,1,0,1,0,TRUE,TRUE,FALSE,"B-US"
"GGAGTGGCGAGCCATCA",1,"TransF4-Probe_RevComp","GGAGTGGCGAGCCCTCA",0.00499350843902926,1,0,1,0,TRUE,TRUE,FALSE,"B-US"
"GGAGTGGCGAGCCCCTCA",1,"TransF4-Probe_RevComp","GGAGTGGCGAGCCCTCA",0.00499350843902926,2,0,2,0,FALSE,FALSE,FALSE,"B-US"
"GGAGTGGCGAGCCCTCT",1,"TransF4-Probe_RevComp","GGAGTGGCGAGCCCTCA",0.00499350843902926,1,0,1,1,TRUE,TRUE,FALSE,"B-US"
"GGAGTGGCGAGCCCTGA",1,"TransF4-Probe_RevComp","GGAGTGGCGAGCCCTCA",0.00499350843902926,1,0,1,0,TRUE,TRUE,FALSE,"B-US"
"GGAGTGGCGAGCCTACA",1,"TransF4-Probe_RevComp","GGAGTGGCGAGCCCTCA",0.00499350843902926,2,0,2,0,FALSE,FALSE,FALSE,"B-US"
"GGAGTGGCGAGCTCCCA",1,"TransF4-Probe_RevComp","GGAGTGGCGAGCCCTCA",0.00499350843902926,2,0,2,0,FALSE,FALSE,FALSE,"B-US"
"GGAGTGGCRAGCCCTCA",1,"TransF4-Probe_RevComp","GGAGTGGCGAGCCCTCA",0.00499350843902926,0.5,0,0.5,0,TRUE,TRUE,FALSE,"B-US"
"GGAGTGYCGAGCCCTCA",1,"TransF4-Probe_RevComp","GGAGTGGCGAGCCCTCA",0.00499350843902926,1,1,0,0,TRUE,TRUE,FALSE,"B-US"
"GGAGTTGCGAGCCCTCA",1,"TransF4-Probe_RevComp","GGAGTGGCGAGCCCTCA",0.00499350843902926,1,1,0,0,TRUE,TRUE,FALSE,"B-US"
"GGCGAGGGGCGGCGTCA",1,"TransF4-Probe_RevComp","GGAGTGGCGAGCCCTCA",0.00499350843902926,6,3,3,0,FALSE,FALSE,FALSE,"B-US"
"GGGGAGGGAAGCGCTCA",1,"TransF4-Probe_RevComp","GGAGTGGCGAGCCCTCA",0.00499350843902926,5,3,2,0,FALSE,FALSE,FALSE,"B-US"
"GGGGTGGCAAACCCTCA",1,"TransF4-Probe_RevComp","GGAGTGGCGAGCCCTCA",0.00499350843902926,3,1,2,0,FALSE,FALSE,FALSE,"B-US"
"GGGGTGGCGAGCCCTCG",1,"TransF4-Probe_RevComp","GGAGTGGCGAGCCCTCA",0.00499350843902926,2,1,1,1,FALSE,FALSE,FALSE,"B-US"
"GGGGTGGCTAACCCTCA",1,"TransF4-Probe_RevComp","GGAGTGGCGAGCCCTCA",0.00499350843902926,3,1,2,0,FALSE,FALSE,FALSE,"B-US"
"GGGGTGGGAAGTCCTCA",1,"TransF4-Probe_RevComp","GGAGTGGCGAGCCCTCA",0.00499350843902926,4,2,2,0,FALSE,FALSE,FALSE,"B-US"
"GTACGGGCGAGCCCTCA",1,"TransF4-Probe_RevComp","GGAGTGGCGAGCCCTCA",0.00499350843902926,3,3,0,0,FALSE,FALSE,FALSE,"B-US"
"TGAGTGGCGAGCCCTCA",1,"TransF4-Probe_RevComp","GGAGTGGCGAGCCCTCA",0.00499350843902926,1,1,0,0,TRUE,TRUE,FALSE,"B-US"
"TGGGTGGCGAGCCCTCA",1,"TransF4-Probe_RevComp","GGAGTGGCGAGCCCTCA",0.00499350843902926,2,2,0,0,FALSE,FALSE,FALSE,"B-US"
"GGAGTGGCGAGCCCGCA",12,"TransF4-Probe_RevComp","GGAGTGGCGAGCCCTCA",0.0599221012683511,1,0,1,0,TRUE,TRUE,FALSE,"B-US"
"GGTGTGGCCCTCA",12,"TransF4-Probe_RevComp","GGAGTGGCGAGCCCTCA",0.0599221012683511,5,1,4,0,FALSE,FALSE,FALSE,"B-US"
"GGAGTGGCAAACCCTCA",122,"TransF4-Probe_RevComp","GGAGTGGCGAGCCCTCA",0.60920802956157,2,0,2,0,FALSE,FALSE,FALSE,"B-US"
"GGAGTGGCAAGCCCTCA",127,"TransF4-Probe_RevComp","GGAGTGGCGAGCCCTCA",0.634175571756716,1,0,1,0,TRUE,TRUE,FALSE,"B-US"
"GGAGTGGCGAGCCTCA",13,"TransF4-Probe_RevComp","GGAGTGGCGAGCCCTCA",0.0649156097073804,1,0,1,0,TRUE,TRUE,FALSE,"B-US"
"GGAATGGCGAGCCCTCA",14,"TransF4-Probe_RevComp","GGAGTGGCGAGCCCTCA",0.0699091181464097,1,1,0,0,TRUE,TRUE,FALSE,"B-US"
"GGGGTGGGAAGCCCTCA",14,"TransF4-Probe_RevComp","GGAGTGGCGAGCCCTCA",0.0699091181464097,3,2,1,0,FALSE,FALSE,FALSE,"B-US"
"GGAGGAGCGAGCCCTAT",15,"TransF4-Probe_RevComp","GGAGTGGCGAGCCCTCA",0.0749026265854389,4,2,2,1,FALSE,FALSE,FALSE,"B-US"
"GGAGTGACGAGCCCTCA",17,"TransF4-Probe_RevComp","GGAGTGGCGAGCCCTCA",0.0848896434634974,1,1,0,0,TRUE,TRUE,FALSE,"B-US"
"GGAGTGGCGAGCCCTCG",17,"TransF4-Probe_RevComp","GGAGTGGCGAGCCCTCA",0.0848896434634974,1,0,1,1,TRUE,TRUE,FALSE,"B-US"
"GGAGTGGCGAGCCCTCA",17385,"TransF4-Probe_RevComp","GGAGTGGCGAGCCCTCA",86.8121442125237,0,0,0,0,TRUE,TRUE,TRUE,"B-US"
"GGAGTGGCGAGCCCTTA",18,"TransF4-Probe_RevComp","GGAGTGGCGAGCCCTCA",0.0898831519025267,1,0,1,0,TRUE,TRUE,FALSE,"B-US"
"AAAGTGGCGAGCCCTCA",2,"TransF4-Probe_RevComp","GGAGTGGCGAGCCCTCA",0.00998701687805852,2,2,0,0,FALSE,FALSE,FALSE,"B-US"
"CTGCATACAAGCAGCTGCT",2,"TransF4-Probe_RevComp","GGAGTGGCGAGCCCTCA",0.00998701687805852,18,11,7,1,FALSE,FALSE,FALSE,"B-US"
"GAATTGGCGAGCCCTCA",2,"TransF4-Probe_RevComp","GGAGTGGCGAGCCCTCA",0.00998701687805852,2,2,0,0,FALSE,FALSE,FALSE,"B-US"
"GGAGCGGCGAGCCCTCA",2,"TransF4-Probe_RevComp","GGAGTGGCGAGCCCTCA",0.00998701687805852,1,1,0,0,TRUE,TRUE,FALSE,"B-US"
"GGAGGAGCAAGCCCTAT",2,"TransF4-Probe_RevComp","GGAGTGGCGAGCCCTCA",0.00998701687805852,5,2,3,1,FALSE,FALSE,FALSE,"B-US"
"GGAGTGGCGAAACCCTCA",2,"TransF4-Probe_RevComp","GGAGTGGCGAGCCCTCA",0.00998701687805852,3,0,3,0,FALSE,FALSE,FALSE,"B-US"
"GGAGTGGCGAATCCTCA",2,"TransF4-Probe_RevComp","GGAGTGGCGAGCCCTCA",0.00998701687805852,2,0,2,0,FALSE,FALSE,FALSE,"B-US"
"GGAGTGGCGASCCCTCA",2,"TransF4-Probe_RevComp","GGAGTGGCGAGCCCTCA",0.00998701687805852,0.5,0,0.5,0,TRUE,TRUE,FALSE,"B-US"
"GGAGTGGTGAACCCTCA",2,"TransF4-Probe_RevComp","GGAGTGGCGAGCCCTCA",0.00998701687805852,2,1,1,0,FALSE,FALSE,FALSE,"B-US"
"GGAGTGGTGAGCCTCA",2,"TransF4-Probe_RevComp","GGAGTGGCGAGCCCTCA",0.00998701687805852,2,1,1,0,FALSE,FALSE,FALSE,"B-US"
"GGGGTGGCAAGCCCTAT",2,"TransF4-Probe_RevComp","GGAGTGGCGAGCCCTCA",0.00998701687805852,4,1,3,1,FALSE,FALSE,FALSE,"B-US"
"GGTGTGGTGAACCCTCA",2,"TransF4-Probe_RevComp","GGAGTGGCGAGCCCTCA",0.00998701687805852,3,2,1,0,FALSE,FALSE,FALSE,"B-US"
"GGAGGGGCGAGCCCTCA",21,"TransF4-Probe_RevComp","GGAGTGGCGAGCCCTCA",0.104863677219615,1,1,0,0,TRUE,TRUE,FALSE,"B-US"
"GGAGTAGCGAGCCCTCA",21,"TransF4-Probe_RevComp","GGAGTGGCGAGCCCTCA",0.104863677219615,1,1,0,0,TRUE,TRUE,FALSE,"B-US"
"GAAGTGGCGAGCCCTCA",26,"TransF4-Probe_RevComp","GGAGTGGCGAGCCCTCA",0.129831219414761,1,1,0,0,TRUE,TRUE,FALSE,"B-US"
"GGAGTGGTTAGCCCTCA",28,"TransF4-Probe_RevComp","GGAGTGGCGAGCCCTCA",0.139818236292819,2,1,1,0,FALSE,FALSE,FALSE,"B-US"
"CTGCATATAAGCAGCTGCT",283,"TransF4-Probe_RevComp","GGAGTGGCGAGCCCTCA",1.41316288824528,18,11,7,1,FALSE,FALSE,FALSE,"B-US"
"GGAGTGGCAAGCCCACA",3,"TransF4-Probe_RevComp","GGAGTGGCGAGCCCTCA",0.0149805253170878,2,0,2,0,FALSE,FALSE,FALSE,"B-US"
"GGAGTGGCCAGCCCTCA",3,"TransF4-Probe_RevComp","GGAGTGGCGAGCCCTCA",0.0149805253170878,1,0,1,0,TRUE,TRUE,FALSE,"B-US"
"GGAGTGGCGAACCCACA",3,"TransF4-Probe_RevComp","GGAGTGGCGAGCCCTCA",0.0149805253170878,2,0,2,0,FALSE,FALSE,FALSE,"B-US"
"GGAGTGGCGAGCCCTCC",3,"TransF4-Probe_RevComp","GGAGTGGCGAGCCCTCA",0.0149805253170878,1,0,1,1,TRUE,TRUE,FALSE,"B-US"
"GGAGTGGCGAGCTCTCA",3,"TransF4-Probe_RevComp","GGAGTGGCGAGCCCTCA",0.0149805253170878,1,0,1,0,TRUE,TRUE,FALSE,"B-US"
"GGATTGGCGAGCCCTCA",3,"TransF4-Probe_RevComp","GGAGTGGCGAGCCCTCA",0.0149805253170878,1,1,0,0,TRUE,TRUE,FALSE,"B-US"
"GGGGTGGCGAGCCCTCA",3,"TransF4-Probe_RevComp","GGAGTGGCGAGCCCTCA",0.0149805253170878,1,1,0,0,TRUE,TRUE,FALSE,"B-US"
"CTGCATATAAGCAGCCGCT",32,"TransF4-Probe_RevComp","GGAGTGGCGAGCCCTCA",0.159792270048936,17,11,6,1,FALSE,FALSE,FALSE,"B-US"
"GGTGTGGCGAGCCCTCA",32,"TransF4-Probe_RevComp","GGAGTGGCGAGCCCTCA",0.159792270048936,1,1,0,0,TRUE,TRUE,FALSE,"B-US"
"GGAGTGGCGTGCCCTCA",33,"TransF4-Probe_RevComp","GGAGTGGCGAGCCCTCA",0.164785778487966,1,0,1,0,TRUE,TRUE,FALSE,"B-US"
"GGAGTGGCTAACCCTCA",344,"TransF4-Probe_RevComp","GGAGTGGCGAGCCCTCA",1.71776690302607,2,0,2,0,FALSE,FALSE,FALSE,"B-US"
"GGAGTGGCGAACCCTCA",345,"TransF4-Probe_RevComp","GGAGTGGCGAGCCCTCA",1.7227604114651,1,0,1,0,TRUE,TRUE,FALSE,"B-US"
"AGAGTGGCGAGCCCTCA",37,"TransF4-Probe_RevComp","GGAGTGGCGAGCCCTCA",0.184759812244083,1,1,0,0,TRUE,TRUE,FALSE,"B-US"
"AGAGTGGCTAACCCTCA",4,"TransF4-Probe_RevComp","GGAGTGGCGAGCCCTCA",0.019974033756117,3,1,2,0,FALSE,FALSE,FALSE,"B-US"
"GGAGTGGTGAGCCCTCA",48,"TransF4-Probe_RevComp","GGAGTGGCGAGCCCTCA",0.239688405073405,1,1,0,0,TRUE,TRUE,FALSE,"B-US"
"GGAGTGGCTAGCCCTCA",49,"TransF4-Probe_RevComp","GGAGTGGCGAGCCCTCA",0.244681913512434,1,0,1,0,TRUE,TRUE,FALSE,"B-US"
"GGAGTGGCTTGCCCTCA",5,"TransF4-Probe_RevComp","GGAGTGGCGAGCCCTCA",0.0249675421951463,2,0,2,0,FALSE,FALSE,FALSE,"B-US"
"GGAGTGGCGAGCCTTCA",6,"TransF4-Probe_RevComp","GGAGTGGCGAGCCCTCA",0.0299610506341756,1,0,1,0,TRUE,TRUE,FALSE,"B-US"
"GGAGTGGCGAGTCCTCA",6,"TransF4-Probe_RevComp","GGAGTGGCGAGCCCTCA",0.0299610506341756,1,0,1,0,TRUE,TRUE,FALSE,"B-US"
"GGAGTGGCGTACCCTCA",7,"TransF4-Probe_RevComp","GGAGTGGCGAGCCCTCA",0.0349545590732048,2,0,2,0,FALSE,FALSE,FALSE,"B-US"
"GGAGTGGCGAGCCCACA",783,"TransF4-Probe_RevComp","GGAGTGGCGAGCCCTCA",3.90991710775991,1,0,1,0,TRUE,TRUE,FALSE,"B-US"
"GCAGAGAACAGCCCTCA",8,"TransF4-Probe_RevComp","GGAGTGGCGAGCCCTCA",0.0399480675122341,5,4,1,0,FALSE,FALSE,FALSE,"B-US"
"GGAGTGGCGAGCCCCCA",8,"TransF4-Probe_RevComp","GGAGTGGCGAGCCCTCA",0.0399480675122341,1,0,1,0,TRUE,TRUE,FALSE,"B-US"
"GGAGTGGCGAGCCCTTC",8,"TransF4-Probe_RevComp","GGAGTGGCGAGCCCTCA",0.0399480675122341,2,0,2,1,FALSE,FALSE,FALSE,"B-US"
"CTGCATAAAAGCAGCTGCT",9,"TransF4-Probe_RevComp","GGAGTGGCGAGCCCTCA",0.0449415759512634,18,11,7,1,FALSE,FALSE,FALSE,"B-US"
"GGAGTGGCGGGCCCTCA",9,"TransF4-Probe_RevComp","GGAGTGGCGAGCCCTCA",0.0449415759512634,1,0,1,0,TRUE,TRUE,FALSE,"B-US"
"ATGCATAAAAGCAGCTACT",1,"TransF4-Reverse_RevComp","CTGCATATAAGCAGCTGCT",0.00502134069796636,3,1,2,1,FALSE,FALSE,FALSE,"B-US"
"CAGCACAGCAAGCAGCAGCT",1,"TransF4-Reverse_RevComp","CTGCATATAAGCAGCTGCT",0.00502134069796636,5,1,4,1,FALSE,FALSE,FALSE,"B-US"
"CAGCATATAAGCAGCAGCT",1,"TransF4-Reverse_RevComp","CTGCATATAAGCAGCTGCT",0.00502134069796636,2,1,1,1,TRUE,FALSE,FALSE,"B-US"
"CAGCATATAAGCAGCCGCT",1,"TransF4-Reverse_RevComp","CTGCATATAAGCAGCTGCT",0.00502134069796636,2,1,1,1,TRUE,FALSE,FALSE,"B-US"
"CCGCATATAAGCAGCAGCT",1,"TransF4-Reverse_RevComp","CTGCATATAAGCAGCTGCT",0.00502134069796636,2,1,1,1,TRUE,FALSE,FALSE,"B-US"
"CGGGATATAAGCAGCTGCT",1,"TransF4-Reverse_RevComp","CTGCATATAAGCAGCTGCT",0.00502134069796636,2,0,2,1,FALSE,FALSE,FALSE,"B-US"
"CKGCATATAAGCAGCTGCT",1,"TransF4-Reverse_RevComp","CTGCATATAAGCAGCTGCT",0.00502134069796636,0.5,0,0.5,0.5,TRUE,FALSE,FALSE,"B-US"
"CTACATATAAGCAGCTGCT",1,"TransF4-Reverse_RevComp","CTGCATATAAGCAGCTGCT",0.00502134069796636,1,0,1,0,TRUE,TRUE,FALSE,"B-US"
"CTCCATATAAGCAGCTGCT",1,"TransF4-Reverse_RevComp","CTGCATATAAGCAGCTGCT",0.00502134069796636,1,0,1,0,TRUE,TRUE,FALSE,"B-US"
"CTGCAATAACAGCCATCCGCT",1,"TransF4-Reverse_RevComp","CTGCATATAAGCAGCTGCT",0.00502134069796636,7,4,3,0,FALSE,FALSE,FALSE,"B-US"
"CTGCATAAAAGCGGCTGCT",1,"TransF4-Reverse_RevComp","CTGCATATAAGCAGCTGCT",0.00502134069796636,2,1,1,0,TRUE,TRUE,FALSE,"B-US"
"CTGCATAAAGCAGCCGCT",1,"TransF4-Reverse_RevComp","CTGCATATAAGCAGCTGCT",0.00502134069796636,2,1,1,0,TRUE,TRUE,FALSE,"B-US"
"CTGCATATAAGCACCTGCT",1,"TransF4-Reverse_RevComp","CTGCATATAAGCAGCTGCT",0.00502134069796636,1,1,0,0,TRUE,TRUE,FALSE,"B-US"
"CTGCATATAAGCACGTGCT",1,"TransF4-Reverse_RevComp","CTGCATATAAGCAGCTGCT",0.00502134069796636,2,2,0,0,TRUE,TRUE,FALSE,"B-US"
"CTGCATATAAGCAGACGCT",1,"TransF4-Reverse_RevComp","CTGCATATAAGCAGCTGCT",0.00502134069796636,2,2,0,0,TRUE,TRUE,FALSE,"B-US"
"CTGCATATAAGCAGATGCT",1,"TransF4-Reverse_RevComp","CTGCATATAAGCAGCTGCT",0.00502134069796636,1,1,0,0,TRUE,TRUE,FALSE,"B-US"
"CTGCATATAAGCAGCCCGC",1,"TransF4-Reverse_RevComp","CTGCATATAAGCAGCTGCT",0.00502134069796636,4,4,0,0,FALSE,FALSE,FALSE,"B-US"
"CTGCATATAAGCAGCCGCG",1,"TransF4-Reverse_RevComp","CTGCATATAAGCAGCTGCT",0.00502134069796636,2,2,0,0,TRUE,TRUE,FALSE,"B-US"
"CTGCATATAAGCAGCGCAT",1,"TransF4-Reverse_RevComp","CTGCATATAAGCAGCTGCT",0.00502134069796636,3,3,0,0,TRUE,TRUE,FALSE,"B-US"
"CTGCATATAAGCAGCGCTT",1,"TransF4-Reverse_RevComp","CTGCATATAAGCAGCTGCT",0.00502134069796636,3,3,0,0,TRUE,TRUE,FALSE,"B-US"
"CTGCATATAAGCAGCTGAT",1,"TransF4-Reverse_RevComp","CTGCATATAAGCAGCTGCT",0.00502134069796636,1,1,0,0,TRUE,TRUE,FALSE,"B-US"
"CTGCATATAAGCAGCTGGG",1,"TransF4-Reverse_RevComp","CTGCATATAAGCAGCTGCT",0.00502134069796636,2,2,0,0,TRUE,TRUE,FALSE,"B-US"
"CTGCATATAAGCAGCTGTC",1,"TransF4-Reverse_RevComp","CTGCATATAAGCAGCTGCT",0.00502134069796636,2,2,0,0,TRUE,TRUE,FALSE,"B-US"
"CTGCATATAAGCAGTCCCC",1,"TransF4-Reverse_RevComp","CTGCATATAAGCAGCTGCT",0.00502134069796636,4,4,0,0,FALSE,FALSE,FALSE,"B-US"
"CTGCATATAAGCAGTGCTT",1,"TransF4-Reverse_RevComp","CTGCATATAAGCAGCTGCT",0.00502134069796636,4,4,0,0,FALSE,FALSE,FALSE,"B-US"
"CTGCATATAAGCASCCGCT",1,"TransF4-Reverse_RevComp","CTGCATATAAGCAGCTGCT",0.00502134069796636,1.5,1.5,0,0,TRUE,TRUE,FALSE,"B-US"
"CTGCATATAAGCCGCCGCT",1,"TransF4-Reverse_RevComp","CTGCATATAAGCAGCTGCT",0.00502134069796636,2,2,0,0,TRUE,TRUE,FALSE,"B-US"
"CTGCATATAAGTAGCTGCT",1,"TransF4-Reverse_RevComp","CTGCATATAAGCAGCTGCT",0.00502134069796636,1,1,0,0,TRUE,TRUE,FALSE,"B-US"
"CTGCATATACGCAGCCGCT",1,"TransF4-Reverse_RevComp","CTGCATATAAGCAGCTGCT",0.00502134069796636,2,2,0,0,TRUE,TRUE,FALSE,"B-US"
"CTGCATATAGGCAGCCGCT",1,"TransF4-Reverse_RevComp","CTGCATATAAGCAGCTGCT",0.00502134069796636,2,2,0,0,TRUE,TRUE,FALSE,"B-US"
"CTGCATATCAGCAGCCGCT",1,"TransF4-Reverse_RevComp","CTGCATATAAGCAGCTGCT",0.00502134069796636,2,1,1,0,TRUE,TRUE,FALSE,"B-US"
"CTGCATATTAKCCGYATGCT",1,"TransF4-Reverse_RevComp","CTGCATATAAGCAGCTGCT",0.00502134069796636,6,5,1,0,FALSE,FALSE,FALSE,"B-US"
"CTGCATTTAAGCAGCTGCT",1,"TransF4-Reverse_RevComp","CTGCATATAAGCAGCTGCT",0.00502134069796636,1,0,1,0,TRUE,TRUE,FALSE,"B-US"
"CTGCGTATAAGCAGCCGCT",1,"TransF4-Reverse_RevComp","CTGCATATAAGCAGCTGCT",0.00502134069796636,2,1,1,0,TRUE,TRUE,FALSE,"B-US"
"CTGCRTATAAGCAGCCGCT",1,"TransF4-Reverse_RevComp","CTGCATATAAGCAGCTGCT",0.00502134069796636,1.5,1,0.5,0,TRUE,TRUE,FALSE,"B-US"
"CTGCTTATAAGCAGCTGCT",1,"TransF4-Reverse_RevComp","CTGCATATAAGCAGCTGCT",0.00502134069796636,1,0,1,0,TRUE,TRUE,FALSE,"B-US"
"CTGCTTATAATCAGCTGCT",1,"TransF4-Reverse_RevComp","CTGCATATAAGCAGCTGCT",0.00502134069796636,2,1,1,0,TRUE,TRUE,FALSE,"B-US"
"CTGGACATATGCAGCTGCT",1,"TransF4-Reverse_RevComp","CTGCATATAAGCAGCTGCT",0.00502134069796636,3,1,2,0,FALSE,FALSE,FALSE,"B-US"
"CTGGCCTGGAAGCAGCTGCT",1,"TransF4-Reverse_RevComp","CTGCATATAAGCAGCTGCT",0.00502134069796636,5,0,5,0,FALSE,FALSE,FALSE,"B-US"
"CTGTTTTTCAGAATCTGCT",1,"TransF4-Reverse_RevComp","CTGCATATAAGCAGCTGCT",0.00502134069796636,6,2,4,0,FALSE,FALSE,FALSE,"B-US"
"TGGCATATAAGCAGCTGCT",1,"TransF4-Reverse_RevComp","CTGCATATAAGCAGCTGCT",0.00502134069796636,2,0,2,2,FALSE,FALSE,FALSE,"B-US"
"TTGCATATAAGCAGCCGCT",1,"TransF4-Reverse_RevComp","CTGCATATAAGCAGCTGCT",0.00502134069796636,2,1,1,1,TRUE,FALSE,FALSE,"B-US"
"CTGCATATAAGCAGCTGCA",10,"TransF4-Reverse_RevComp","CTGCATATAAGCAGCTGCT",0.0502134069796636,1,1,0,0,TRUE,TRUE,FALSE,"B-US"
"CTGCATATAAGCAACTGCT",12,"TransF4-Reverse_RevComp","CTGCATATAAGCAGCTGCT",0.0602560883755963,1,1,0,0,TRUE,TRUE,FALSE,"B-US"
"CTGCATATAAGCGGCTGCT",13,"TransF4-Reverse_RevComp","CTGCATATAAGCAGCTGCT",0.0652774290735626,1,1,0,0,TRUE,TRUE,FALSE,"B-US"
"CTGCATATAAGCAGCAGCT",144,"TransF4-Reverse_RevComp","CTGCATATAAGCAGCTGCT",0.723073060507155,1,1,0,0,TRUE,TRUE,FALSE,"B-US"
"CTGCATATAAGCAGCTGCT",15699,"TransF4-Reverse_RevComp","CTGCATATAAGCAGCTGCT",78.8300276173738,0,0,0,0,TRUE,TRUE,TRUE,"B-US"
"CTGCATAAAAGCAGCTGCT",159,"TransF4-Reverse_RevComp","CTGCATATAAGCAGCTGCT",0.798393170976651,1,0,1,0,TRUE,TRUE,FALSE,"B-US"
"ATGCATAAAAGCAGCTGCT",19,"TransF4-Reverse_RevComp","CTGCATATAAGCAGCTGCT",0.0954054732613608,2,0,2,1,FALSE,FALSE,FALSE,"B-US"
"CTGCATATAAGCAGCTGCG",194,"TransF4-Reverse_RevComp","CTGCATATAAGCAGCTGCT",0.974140095405473,1,1,0,0,TRUE,TRUE,FALSE,"B-US"
"ATGCATATAAGCAGCTGCT",2,"TransF4-Reverse_RevComp","CTGCATATAAGCAGCTGCT",0.0100426813959327,1,0,1,1,TRUE,FALSE,FALSE,"B-US"
"CAGCATATAAGCAGCTGCT",2,"TransF4-Reverse_RevComp","CTGCATATAAGCAGCTGCT",0.0100426813959327,1,0,1,1,TRUE,FALSE,FALSE,"B-US"
"CCGCATATAAGCAGCCGCT",2,"TransF4-Reverse_RevComp","CTGCATATAAGCAGCTGCT",0.0100426813959327,2,1,1,1,TRUE,FALSE,FALSE,"B-US"
"CGGCATATAAGCAGCTGCT",2,"TransF4-Reverse_RevComp","CTGCATATAAGCAGCTGCT",0.0100426813959327,1,0,1,1,TRUE,FALSE,FALSE,"B-US"
"CTACATATAAGCAGCCGCT",2,"TransF4-Reverse_RevComp","CTGCATATAAGCAGCTGCT",0.0100426813959327,2,1,1,0,TRUE,TRUE,FALSE,"B-US"
"CTGCACATAAGCAGCCGCT",2,"TransF4-Reverse_RevComp","CTGCATATAAGCAGCTGCT",0.0100426813959327,2,1,1,0,TRUE,TRUE,FALSE,"B-US"
"CTGCATAAGCAGCCGCT",2,"TransF4-Reverse_RevComp","CTGCATATAAGCAGCTGCT",0.0100426813959327,3,1,2,0,FALSE,FALSE,FALSE,"B-US"
"CTGCATATAAAGCAGCTGCT",2,"TransF4-Reverse_RevComp","CTGCATATAAGCAGCTGCT",0.0100426813959327,1,0,1,0,TRUE,TRUE,FALSE,"B-US"
"CTGCATATAATCAGCCGCT",2,"TransF4-Reverse_RevComp","CTGCATATAAGCAGCTGCT",0.0100426813959327,2,2,0,0,TRUE,TRUE,FALSE,"B-US"
"CTGCATGTAAGCAGCTGCT",2,"TransF4-Reverse_RevComp","CTGCATATAAGCAGCTGCT",0.0100426813959327,1,0,1,0,TRUE,TRUE,FALSE,"B-US"
"CTGCGTATAAGCAGCTGCT",2,"TransF4-Reverse_RevComp","CTGCATATAAGCAGCTGCT",0.0100426813959327,1,0,1,0,TRUE,TRUE,FALSE,"B-US"
"GGGCATTAAGCAGCTCCA",2,"TransF4-Reverse_RevComp","CTGCATATAAGCAGCTGCT",0.0100426813959327,7,2,5,2,FALSE,FALSE,FALSE,"B-US"
"TTGCATATAAGCAGCTGCT",2,"TransF4-Reverse_RevComp","CTGCATATAAGCAGCTGCT",0.0100426813959327,1,0,1,1,TRUE,FALSE,FALSE,"B-US"
"CCCTATATAAGCAGCTGCT",20,"TransF4-Reverse_RevComp","CTGCATATAAGCAGCTGCT",0.100426813959327,3,0,3,1,FALSE,FALSE,FALSE,"B-US"
"CCGCATATAAGCAGCTGCT",3,"TransF4-Reverse_RevComp","CTGCATATAAGCAGCTGCT",0.0150640220938991,1,0,1,1,TRUE,FALSE,FALSE,"B-US"
"CTGCACATAAGCAGCTGCT",3,"TransF4-Reverse_RevComp","CTGCATATAAGCAGCTGCT",0.0150640220938991,1,0,1,0,TRUE,TRUE,FALSE,"B-US"
"CTGCATACAAGCAGCTGCT",3,"TransF4-Reverse_RevComp","CTGCATATAAGCAGCTGCT",0.0150640220938991,1,0,1,0,TRUE,TRUE,FALSE,"B-US"
"CTGCATATAAGCAGCGGCT",3,"TransF4-Reverse_RevComp","CTGCATATAAGCAGCTGCT",0.0150640220938991,1,1,0,0,TRUE,TRUE,FALSE,"B-US"
"CTGCATATAAGCAGCTGTT",3,"TransF4-Reverse_RevComp","CTGCATATAAGCAGCTGCT",0.0150640220938991,1,1,0,0,TRUE,TRUE,FALSE,"B-US"
"CTGCATATAAGCAGCTTCT",3,"TransF4-Reverse_RevComp","CTGCATATAAGCAGCTGCT",0.0150640220938991,1,1,0,0,TRUE,TRUE,FALSE,"B-US"
"CTGCATATAAGCAGCTTGC",3,"TransF4-Reverse_RevComp","CTGCATATAAGCAGCTGCT",0.0150640220938991,3,3,0,0,TRUE,TRUE,FALSE,"B-US"
"CTGCATATAAGCCGCTGCT",3,"TransF4-Reverse_RevComp","CTGCATATAAGCAGCTGCT",0.0150640220938991,1,1,0,0,TRUE,TRUE,FALSE,"B-US"
"CTGCATATAGGCAGCTGCT",3,"TransF4-Reverse_RevComp","CTGCATATAAGCAGCTGCT",0.0150640220938991,1,1,0,0,TRUE,TRUE,FALSE,"B-US"
"CTGCATATGAGCAGCTGCT",3,"TransF4-Reverse_RevComp","CTGCATATAAGCAGCTGCT",0.0150640220938991,1,0,1,0,TRUE,TRUE,FALSE,"B-US"
"GTGCATATAAGCAGCTGGC",3,"TransF4-Reverse_RevComp","CTGCATATAAGCAGCTGCT",0.0150640220938991,3,2,1,1,TRUE,FALSE,FALSE,"B-US"
"CTGCATATAAGCAGCCGCT",3397,"TransF4-Reverse_RevComp","CTGCATATAAGCAGCTGCT",17.0574943509917,1,1,0,0,TRUE,TRUE,FALSE,"B-US"
"CTGCATATAAGCAGTCGCT",4,"TransF4-Reverse_RevComp","CTGCATATAAGCAGCTGCT",0.0200853627918654,2,2,0,0,TRUE,TRUE,FALSE,"B-US"
"CTGTATATAAGCAGCCGCT",4,"TransF4-Reverse_RevComp","CTGCATATAAGCAGCTGCT",0.0200853627918654,2,1,1,0,TRUE,TRUE,FALSE,"B-US"
"GTGCATATAAGCAGCTGCT",4,"TransF4-Reverse_RevComp","CTGCATATAAGCAGCTGCT",0.0200853627918654,1,0,1,1,TRUE,FALSE,FALSE,"B-US"
"CTGCATATAAGCAGCTGCC",42,"TransF4-Reverse_RevComp","CTGCATATAAGCAGCTGCT",0.210896309314587,1,1,0,0,TRUE,TRUE,FALSE,"B-US"
"CTGCATAAAAGTAGCTGCT",5,"TransF4-Reverse_RevComp","CTGCATATAAGCAGCTGCT",0.0251067034898318,2,1,1,0,TRUE,TRUE,FALSE,"B-US"
"CTGCATATAAACAGCTGCT",5,"TransF4-Reverse_RevComp","CTGCATATAAGCAGCTGCT",0.0251067034898318,1,1,0,0,TRUE,TRUE,FALSE,"B-US"
"CTGCATATAAGCAGCTACT",5,"TransF4-Reverse_RevComp","CTGCATATAAGCAGCTGCT",0.0251067034898318,1,1,0,0,TRUE,TRUE,FALSE,"B-US"
"CTGCATATAAGCAGTTGCT",5,"TransF4-Reverse_RevComp","CTGCATATAAGCAGCTGCT",0.0251067034898318,1,1,0,0,TRUE,TRUE,FALSE,"B-US"
"CTGCATATACGCAGCTGCT",5,"TransF4-Reverse_RevComp","CTGCATATAAGCAGCTGCT",0.0251067034898318,1,1,0,0,TRUE,TRUE,FALSE,"B-US"
"CTGTATATAAGCAGCTGCT",5,"TransF4-Reverse_RevComp","CTGCATATAAGCAGCTGCT",0.0251067034898318,1,0,1,0,TRUE,TRUE,FALSE,"B-US"
"CTGCATAAAAGCAGCCGCT",57,"TransF4-Reverse_RevComp","CTGCATATAAGCAGCTGCT",0.286216419784082,2,1,1,0,TRUE,TRUE,FALSE,"B-US"
"CTGCATATAAGCAACCGCT",6,"TransF4-Reverse_RevComp","CTGCATATAAGCAGCTGCT",0.0301280441877981,2,2,0,0,TRUE,TRUE,FALSE,"B-US"
